16:15:49:934,3.7830527,2.103291,9.06162,-0.01099,0.078151114,0.048844445,106.0,0
16:15:49:942,3.359523,2.3401806,8.863015,-0.01099,0.078151114,0.048844445,106.0,0
16:15:49:960,3.359523,2.3401806,8.863015,0.007326667,-0.064718895,0.029306669,106.0,0
16:15:50:015,3.359523,2.3401806,8.863015,-0.012211111,-0.08303556,-0.009768889,106.0,0
16:15:50:031,3.2925239,2.5196424,8.688339,-0.012211111,-0.08303556,-0.009768889,106.0,0
16:15:50:039,3.2925239,2.5196424,8.688339,0.0024422223,-0.09524667,-0.018316668,106.0,0
16:15:50:092,3.2925239,2.5196424,8.688339,0.012211111,-0.0036633336,-0.034191113,106.0,0
16:15:50:123,3.7447674,2.347359,8.829515,0.012211111,-0.0036633336,-0.034191113,106.0,0
16:15:50:131,4.0965123,2.4789643,8.999406,0.012211111,-0.0036633336,-0.034191113,106.0,0
16:15:50:158,4.0965123,2.4789643,8.999406,0.06960334,0.10013112,-0.04029667,106.0,0
16:15:50:216,3.9481573,2.3282163,8.975478,0.06960334,0.10013112,-0.04029667,106.0,0
16:15:50:225,3.347559,2.4311078,8.760123,0.06960334,0.10013112,-0.04029667,106.0,0
16:15:50:244,3.347559,2.4311078,8.760123,0.019537779,0.042738892,-0.025643334,106.0,0
16:15:50:291,3.347559,2.4311078,8.760123,0.014653334,0.029306669,-0.015874445,106.0,0
16:15:50:318,3.2757742,2.4191437,8.738588,0.014653334,0.029306669,-0.015874445,106.0,0
16:15:50:331,3.2757742,2.4191437,8.738588,0.0012211112,0.089141116,-0.02075889,106.0,0
16:15:50:365,3.2757742,2.4191437,8.738588,-0.0012211112,-0.0061055557,0.0048844446,106.0,0
16:15:50:404,3.5270207,2.4622145,8.915657,-0.0012211112,-0.0061055557,0.0048844446,106.0,0
16:15:50:412,3.5724843,2.469393,8.865408,-0.0012211112,-0.0061055557,0.0048844446,106.0,0
16:15:50:440,3.5724843,2.469393,8.865408,0.014653334,-0.007326667,0.009768889,106.0,0
16:15:50:502,3.4648073,2.481357,8.788837,0.014653334,-0.007326667,0.009768889,106.0,0
16:15:50:508,3.5174494,2.6129622,8.85823,0.014653334,-0.007326667,0.009768889,106.0,0
16:15:50:518,3.5174494,2.6129622,8.85823,-0.05372889,-0.029306669,0.008547778,106.0,0
16:15:50:576,3.5174494,2.6129622,8.85823,-0.03297,-0.09036223,0.01099,106.0,0
16:15:50:597,3.481557,2.3114667,8.681161,-0.03297,-0.09036223,0.01099,106.0,0
16:15:50:617,3.481557,2.3114667,8.681161,-0.037854444,-0.039075557,0.0061055557,106.0,0
16:15:50:647,3.481557,2.3114667,8.681161,-0.042738892,-0.008547778,0.023201112,106.0,0
16:15:50:688,3.8285162,2.2875385,8.724232,-0.042738892,-0.008547778,0.023201112,106.0,0
16:15:50:694,3.790231,2.201397,9.037691,-0.042738892,-0.008547778,0.023201112,106.0,0
16:15:50:722,3.790231,2.201397,9.037691,-0.05006556,0.014653334,0.013432222,106.0,0
16:15:50:784,3.8237305,2.2779672,9.052048,-0.05006556,0.014653334,0.013432222,106.0,0
16:15:50:792,3.522235,2.160719,9.006584,-0.05006556,0.014653334,0.013432222,106.0,0
16:15:50:806,3.522235,2.160719,9.006584,-0.10013112,0.04151778,0.018316668,106.0,0
16:15:50:855,3.522235,2.160719,9.006584,-0.029306669,-0.03297,0.024422223,106.0,0
16:15:50:879,3.505485,2.120041,8.939586,-0.029306669,-0.03297,0.024422223,106.0,0
16:15:50:888,3.505485,2.120041,8.939586,0.02198,-0.018316668,0.013432222,106.0,0
16:15:50:930,3.505485,2.120041,8.939586,0.13798556,-0.014653334,-0.009768889,106.0,0
16:15:50:972,3.6203406,2.07697,8.860622,0.13798556,-0.014653334,-0.009768889,106.0,0
16:15:50:981,3.7543387,2.5411777,9.056833,0.13798556,-0.014653334,-0.009768889,106.0,0
16:15:51:004,3.7543387,2.5411777,9.056833,0.26864445,0.15508112,-0.08059334,106.0,0
16:15:51:064,3.7567315,2.7445676,9.085547,0.26864445,0.15508112,-0.08059334,106.0,0
16:15:51:072,3.3643086,2.5316064,8.781659,0.26864445,0.15508112,-0.08059334,106.0,0
16:15:51:079,3.3643086,2.5316064,8.781659,0.30161446,0.17584,-0.17217667,106.0,0
16:15:51:129,3.3643086,2.5316064,8.781659,0.2759711,0.14287001,-0.20392556,106.0,0
16:15:51:161,2.8881369,3.723232,8.336594,0.2759711,0.14287001,-0.20392556,106.0,0
16:15:51:170,2.617748,3.9840498,8.73141,0.2759711,0.14287001,-0.20392556,106.0,0
16:15:51:204,2.617748,3.9840498,8.73141,0.054950003,0.11600556,-0.19049335,106.0,0
16:15:51:254,2.4143581,3.9744785,8.666803,0.054950003,0.11600556,-0.19049335,106.0,0
16:15:51:263,2.053042,3.778267,9.152547,0.054950003,0.11600556,-0.19049335,106.0,0
16:15:51:283,2.053042,3.778267,9.152547,-0.098910004,-0.098910004,0.015874445,106.0,0
16:15:51:335,2.053042,3.778267,9.152547,-0.19537778,-0.4371578,-0.06227667,106.0,0
16:15:51:351,1.7084754,4.331009,9.549755,-0.19537778,-0.4371578,-0.06227667,106.0,0
16:15:51:360,1.7084754,4.331009,9.549755,-0.26742333,-0.34679556,0.064718895,106.0,0
16:15:51:409,1.7084754,4.331009,9.549755,-0.26498112,-0.58247,0.0012211112,106.0,0
16:15:51:441,1.8113668,3.505485,8.817552,-0.26498112,-0.58247,0.0012211112,106.0,0
16:15:51:453,3.4480574,3.7830527,8.315059,-0.26498112,-0.58247,0.0012211112,106.0,0
16:15:51:486,3.4480574,3.7830527,8.315059,-0.37488112,-0.49821335,0.0061055557,106.0,0
16:15:51:535,3.912265,3.345166,8.1738825,-0.37488112,-0.49821335,0.0061055557,106.0,0
16:15:51:543,4.5272202,1.5864414,8.449057,-0.37488112,-0.49821335,0.0061055557,106.0,0
16:15:51:562,4.5272202,1.5864414,8.449057,-0.12577444,-0.29917222,0.15141778,106.0,0
16:15:51:617,4.5272202,1.5864414,8.449057,0.023201112,-0.054950003,0.16485001,106.0,0
16:15:51:629,4.486542,1.591227,8.456235,0.023201112,-0.054950003,0.16485001,106.0,0
16:15:51:638,4.486542,1.591227,8.456235,-0.10135223,0.034191113,0.17706113,106.0,0
16:15:51:697,4.486542,1.591227,8.456235,-0.34679556,0.10867889,0.17950334,106.0,0
16:15:51:731,4.685147,2.6608188,8.635697,-0.34679556,0.10867889,0.17950334,106.0,0
16:15:51:741,4.421936,2.4382863,9.332008,-0.34679556,0.10867889,0.17950334,106.0,0
16:15:51:768,4.421936,2.4382863,9.332008,-0.8975167,0.2625389,0.14042778,106.0,0
16:15:51:820,4.4075794,2.57707,9.257831,-0.8975167,0.2625389,0.14042778,106.0,0
16:15:51:828,3.8931224,1.5266209,8.549556,-0.8975167,0.2625389,0.14042778,106.0,0
16:15:51:844,3.8931224,1.5266209,8.549556,-0.30405667,0.15019667,0.07570889,106.0,0
16:15:51:902,3.8931224,1.5266209,8.549556,0.1306589,-0.023201112,-0.025643334,106.0,0
16:15:51:914,3.5030923,-0.023928227,8.537591,0.1306589,-0.023201112,-0.025643334,106.0,0
16:15:51:927,3.5030923,-0.023928227,8.537591,0.05617111,0.046402223,-0.024422223,106.0,0
16:15:51:975,3.5030923,-0.023928227,8.537591,0.03297,-0.037854444,-0.06227667,106.0,0
16:15:52:008,3.9984066,1.4261223,8.898908,0.03297,-0.037854444,-0.06227667,106.0,0
16:15:52:016,3.9338005,0.93559366,8.894122,0.03297,-0.037854444,-0.06227667,106.0,0
16:15:52:054,3.9338005,0.93559366,8.894122,0.023201112,-0.02075889,-0.06960334,106.0,0
16:15:52:100,4.072584,1.1700903,8.937193,0.023201112,-0.02075889,-0.06960334,106.0,0
16:15:52:108,4.058227,0.95473623,9.037691,0.023201112,-0.02075889,-0.06960334,106.0,0
16:15:52:115,4.058227,0.95473623,9.037691,0.091583334,0.04396,-0.057392225,106.0,0
16:15:52:172,4.058227,0.95473623,9.037691,0.14287001,-0.035412222,-0.05250778,106.0,0
16:15:52:200,3.790231,1.1006985,8.898908,0.14287001,-0.035412222,-0.05250778,106.0,0
16:15:52:209,3.790231,1.1006985,8.898908,0.14653334,-0.045181114,-0.046402223,106.0,0
16:15:52:250,3.790231,1.1006985,8.898908,0.102573335,-0.03052778,-0.034191113,106.0,0
16:15:52:292,3.9314077,1.4261223,8.915657,0.102573335,-0.03052778,-0.034191113,106.0,0
16:15:52:299,3.9338005,1.4668003,8.941978,0.102573335,-0.03052778,-0.034191113,106.0,0
16:15:52:325,3.9338005,1.4668003,8.941978,-0.024422223,-0.06594,-0.012211111,106.0,0
16:15:52:383,3.9481573,1.6127625,8.930014,-0.024422223,-0.06594,-0.012211111,106.0,0
16:15:52:391,3.859623,1.4739788,8.8701935,-0.024422223,-0.06594,-0.012211111,106.0,0
16:15:52:433,3.859623,1.4739788,8.8701935,0.037854444,-0.04151778,-0.014653334,106.0,0
16:15:52:457,3.859623,1.4739788,8.8701935,0.01099,-0.023201112,0.02075889,106.0,0
16:15:52:485,4.1204405,1.2466606,8.827123,0.01099,-0.023201112,0.02075889,106.0,0
16:15:52:494,4.1204405,1.2466606,8.827123,0.015874445,-0.037854444,0.02075889,106.0,0
16:15:52:532,4.1204405,1.2466606,8.827123,0.04396,0.04151778,0.01099,106.0,0
16:15:52:572,4.034299,1.2849457,8.812766,0.04396,0.04151778,0.01099,106.0,0
16:15:52:580,3.5389848,1.538585,8.437093,0.04396,0.04151778,0.01099,106.0,0
16:15:52:608,3.5389848,1.538585,8.437093,-0.048844445,-0.16729222,-0.019537779,106.0,0
16:15:52:670,3.493521,1.3998013,8.6548395,-0.048844445,-0.16729222,-0.019537779,106.0,0
16:15:52:678,4.6803613,1.0576276,8.975478,-0.048844445,-0.16729222,-0.019537779,106.0,0
16:15:52:685,4.6803613,1.0576276,8.975478,-0.034191113,-0.17217667,-0.018316668,106.0,0
16:15:52:739,4.6803613,1.0576276,8.975478,-0.015874445,-0.15141778,-0.015874445,106.0,0
16:15:52:764,4.8454657,1.160519,8.583055,-0.015874445,-0.15141778,-0.015874445,106.0,0
16:15:52:774,4.8454657,1.160519,8.583055,0.048844445,-0.117226675,-0.023201112,106.0,0
16:15:52:815,4.8454657,1.160519,8.583055,-0.09280445,0.018316668,0.035412222,106.0,0
16:15:52:857,5.139783,0.8279166,8.566305,-0.09280445,0.018316668,0.035412222,106.0,0
16:15:52:866,5.0775695,0.8757731,8.807981,-0.09280445,0.018316668,0.035412222,106.0,0
16:15:52:890,5.0775695,0.8757731,8.807981,0.17095557,0.24178001,0.03174889,106.0,0
16:15:52:949,5.0823555,0.5766702,8.800801,0.17095557,0.24178001,0.03174889,106.0,0
16:15:52:956,4.8287163,0.8327023,8.532805,0.17095557,0.24178001,0.03174889,106.0,0
16:15:52:964,4.8287163,0.8327023,8.532805,0.2295689,0.25521225,-0.013432222,106.0,0
16:15:53:022,4.8287163,0.8327023,8.532805,0.029306669,0.01099,-0.045181114,106.0,0
16:15:53:041,3.7686956,1.8855443,8.422736,0.029306669,0.01099,-0.045181114,106.0,0
16:15:53:049,3.7686956,1.8855443,8.422736,0.10745778,-0.009768889,-0.06716111,106.0,0
16:15:53:088,3.7686956,1.8855443,8.422736,0.18438779,0.059834447,-0.06349778,106.0,0
16:15:53:137,4.3262234,1.2011969,8.937193,0.18438779,0.059834447,-0.06349778,106.0,0
16:15:53:146,4.388437,1.3304094,8.657232,0.18438779,0.059834447,-0.06349778,106.0,0
16:15:53:167,4.388437,1.3304094,8.657232,0.106236674,0.048844445,-0.025643334,106.0,0
16:15:53:219,4.388437,1.3304094,8.657232,0.07693,-0.03297,-0.026864445,106.0,0
16:15:53:237,3.9816568,1.5433706,8.429914,0.07693,-0.03297,-0.026864445,106.0,0
16:15:53:243,3.9816568,1.5433706,8.429914,0.09646778,-0.048844445,-0.024422223,106.0,0
16:15:53:294,3.9816568,1.5433706,8.429914,0.05617111,-0.05617111,-0.017095556,106.0,0
16:15:53:331,4.17069,1.6438692,8.7266245,0.05617111,-0.05617111,-0.017095556,106.0,0
16:15:53:344,4.402794,1.4452649,8.88455,0.05617111,-0.05617111,-0.017095556,106.0,0
16:15:53:369,4.402794,1.4452649,8.88455,0.018316668,-0.037854444,0.007326667,106.0,0
16:15:53:419,4.4195433,1.5026926,8.779266,0.018316668,-0.037854444,0.007326667,106.0,0
16:15:53:429,4.278367,1.3208381,8.389236,0.018316668,-0.037854444,0.007326667,106.0,0
16:15:53:450,4.278367,1.3208381,8.389236,0.11112112,-0.14164889,-0.012211111,106.0,0
16:15:53:501,4.278367,1.3208381,8.389236,0.08669889,-0.04396,0.046402223,106.0,0
16:15:53:516,4.8239303,1.4739788,8.743374,0.08669889,-0.04396,0.046402223,106.0,0
16:15:53:527,4.8239303,1.4739788,8.743374,0.05006556,-0.03174889,0.07326667,106.0,0
16:15:53:580,4.8239303,1.4739788,8.743374,0.10867889,0.01099,0.117226675,106.0,0
16:15:53:610,5.032106,1.4213367,8.499306,0.10867889,0.01099,0.117226675,106.0,0
16:15:53:619,4.8646083,1.2562319,8.446664,0.10867889,0.01099,0.117226675,106.0,0
16:15:53:653,4.8646083,1.2562319,8.446664,0.15508112,0.08669889,0.13188,106.0,0
16:15:53:703,4.881358,1.4141582,8.350951,0.15508112,0.08669889,0.13188,106.0,0
16:15:53:711,4.843073,1.5672989,8.702696,0.15508112,0.08669889,0.13188,106.0,0
16:15:53:728,4.843073,1.5672989,8.702696,0.2820767,0.03052778,0.22224224,106.0,0
16:15:53:785,4.843073,1.5672989,8.702696,-0.04029667,0.04029667,-0.0012211112,106.0,0
16:15:53:796,4.7569313,2.091327,8.571091,-0.04029667,0.04029667,-0.0012211112,106.0,0
16:15:53:807,4.7569313,2.091327,8.571091,-0.37854445,0.20514667,0.13676445,106.0,0
16:15:53:860,4.7569313,2.091327,8.571091,0.31016225,0.0024422223,0.098910004,106.0,0
16:15:53:894,4.4721856,0.64845496,8.415557,0.31016225,0.0024422223,0.098910004,106.0,0
16:15:53:902,4.240082,1.0145568,10.006784,0.31016225,0.0024422223,0.098910004,106.0,0
16:15:53:938,4.240082,1.0145568,10.006784,0.49699223,0.3174889,-0.41029334,106.0,0
16:15:53:985,5.517849,3.0077782,9.461221,0.49699223,0.3174889,-0.41029334,106.0,0
16:15:53:994,3.9601214,4.1898327,8.439486,0.49699223,0.3174889,-0.41029334,106.0,0
16:15:54:011,3.9601214,4.1898327,8.439486,0.53851,0.2075889,-0.46035892,106.0,0
16:15:54:058,3.9601214,4.1898327,8.439486,0.20392556,-0.12699556,-0.047623336,106.0,0
16:15:54:080,1.7994026,2.3928227,8.944371,0.20392556,-0.12699556,-0.047623336,106.0,0
16:15:54:088,1.7994026,2.3928227,8.944371,-0.028085556,-0.08059334,-0.10501556,106.0,0
16:15:54:132,1.7994026,2.3928227,8.944371,0.62154555,-0.01099,-0.15874445,106.0,0
16:15:54:175,4.208975,2.5627131,7.688139,0.62154555,-0.01099,-0.15874445,106.0,0
16:15:54:182,3.4600215,2.4885356,7.233503,0.62154555,-0.01099,-0.15874445,106.0,0
16:15:54:207,3.4600215,2.4885356,7.233503,0.97811,-0.2503278,0.32970002,106.0,0
16:15:54:270,3.3164523,1.9070797,7.5661054,0.97811,-0.2503278,0.32970002,106.0,0
16:15:54:279,3.8691943,3.7184465,8.937193,0.97811,-0.2503278,0.32970002,106.0,0
16:15:54:286,3.8691943,3.7184465,8.937193,-0.09036223,-0.023201112,0.0061055557,106.0,0
16:15:54:342,3.8691943,3.7184465,8.937193,-0.045181114,-0.13798556,-0.007326667,106.0,0
16:15:54:365,3.7830527,4.4147577,8.200203,-0.045181114,-0.13798556,-0.007326667,106.0,0
16:15:54:374,3.7830527,4.4147577,8.200203,0.085477784,-0.054950003,0.0061055557,106.0,0
16:15:54:416,3.7830527,4.4147577,8.200203,0.37366003,-0.109900005,0.09646778,106.0,0
16:15:54:460,3.9577286,2.952743,7.893922,0.37366003,-0.109900005,0.09646778,106.0,0
16:15:54:467,4.2161536,3.8476589,8.274381,0.37366003,-0.109900005,0.09646778,106.0,0
16:15:54:491,4.2161536,3.8476589,8.274381,0.2942878,0.02075889,0.042738892,106.0,0
16:15:54:554,4.3740797,4.139583,8.312666,0.2942878,0.02075889,0.042738892,106.0,0
16:15:54:564,4.398008,4.792824,8.140383,0.2942878,0.02075889,0.042738892,106.0,0
16:15:54:570,4.398008,4.792824,8.140383,-0.029306669,0.0,0.046402223,106.0,0
16:15:54:624,4.398008,4.792824,8.140383,0.15508112,0.28085557,-0.008547778,106.0,0
16:15:54:647,4.2281175,3.4480574,7.597212,0.15508112,0.28085557,-0.008547778,106.0,0
16:15:54:655,4.2281175,3.4480574,7.597212,0.20881,0.40052447,0.024422223,106.0,0
16:15:54:700,4.2281175,3.4480574,7.597212,0.30772,0.41273558,-0.14164889,106.0,0
16:15:54:742,4.139583,4.168297,8.281559,0.30772,0.41273558,-0.14164889,106.0,0
16:15:54:751,3.6203406,4.2831526,8.193025,0.30772,0.41273558,-0.14164889,106.0,0
16:15:54:776,3.6203406,4.2831526,8.193025,0.24666445,0.19415668,-0.12089001,106.0,0
16:15:54:831,3.359523,4.402794,8.157132,0.24666445,0.19415668,-0.12089001,106.0,0
16:15:54:838,3.1776686,4.5894337,7.8436728,0.24666445,0.19415668,-0.12089001,106.0,0
16:15:54:850,3.1776686,4.5894337,7.8436728,-0.036633335,0.19904111,0.05006556,106.0,0
16:15:54:908,3.1776686,4.5894337,7.8436728,-0.11600556,-0.0036633336,0.10745778,106.0,0
16:15:54:927,3.3954153,4.7401814,8.051848,-0.11600556,-0.0036633336,0.10745778,106.0,0
16:15:54:935,3.3954153,4.7401814,8.051848,-0.045181114,-0.068382226,0.15752333,106.0,0
16:15:54:979,3.3954153,4.7401814,8.051848,0.106236674,-0.4371578,0.26376,106.0,0
16:15:55:020,3.1441689,4.2520456,7.984849,0.106236674,-0.4371578,0.26376,106.0,0
16:15:55:030,3.4241292,4.7377887,7.798209,0.106236674,-0.4371578,0.26376,106.0,0
16:15:55:056,3.4241292,4.7377887,7.798209,-0.15508112,-0.24544334,0.24055889,106.0,0
16:15:55:102,3.4241292,4.7377887,7.798209,-0.026864445,-0.054950003,0.102573335,106.0,0
16:15:55:121,4.759324,4.091727,7.8460655,-0.026864445,-0.054950003,0.102573335,106.0,0
16:15:55:135,4.759324,4.091727,7.8460655,-0.007326667,-0.21613668,0.07326667,106.0,0
16:15:55:177,4.759324,4.091727,7.8460655,0.070824444,-0.26986557,0.09768889,106.0,0
16:15:55:209,4.106084,3.9864426,7.826923,0.070824444,-0.26986557,0.09768889,106.0,0
16:15:55:222,4.601398,3.9290147,7.8723865,0.070824444,-0.26986557,0.09768889,106.0,0
16:15:55:253,4.601398,3.9290147,7.8723865,0.05006556,-0.07204556,0.08303556,106.0,0
16:15:55:305,4.7114677,4.4315076,7.769495,0.05006556,-0.07204556,0.08303556,106.0,0
16:15:55:314,4.3764725,4.141976,7.597212,0.05006556,-0.07204556,0.08303556,106.0,0
16:15:55:330,4.3764725,4.141976,7.597212,0.31382558,-0.43105224,0.014653334,106.0,0
16:15:55:386,4.3764725,4.141976,7.597212,0.67161113,0.15996556,-0.3944189,106.0,0
16:15:55:399,4.776074,4.2711883,7.618747,0.67161113,0.15996556,-0.3944189,106.0,0
16:15:55:408,4.776074,4.2711883,7.618747,0.31138334,0.9463611,-0.29673,106.0,0
16:15:55:461,4.776074,4.2711883,7.618747,0.2942878,-0.14653334,-0.05617111,106.0,0
16:15:55:496,3.7950168,3.495914,7.30768,0.2942878,-0.14653334,-0.05617111,106.0,0
16:15:55:505,4.345366,4.9316072,7.4344997,0.2942878,-0.14653334,-0.05617111,106.0,0
16:15:55:536,4.345366,4.9316072,7.4344997,0.37488112,-0.0061055557,-0.025643334,106.0,0
16:15:55:586,4.7282176,4.8789654,7.5469627,0.37488112,-0.0061055557,-0.025643334,106.0,0
16:15:55:595,4.438686,4.9052863,7.4392858,0.37488112,-0.0061055557,-0.025643334,106.0,0
16:15:55:615,4.438686,4.9052863,7.4392858,-0.26986557,0.46035892,0.17217667,106.0,0
16:15:55:669,4.438686,4.9052863,7.4392858,-0.26376,0.13920668,0.11844778,106.0,0
16:15:55:679,4.0390844,5.3096733,7.2789664,-0.26376,0.13920668,0.11844778,106.0,0
16:15:55:687,4.0390844,5.3096733,7.2789664,-0.12699556,0.06227667,0.098910004,106.0,0
16:15:55:743,4.0390844,5.3096733,7.2789664,0.74121445,-0.17584,-0.16485001,106.0,0
16:15:55:779,3.9673,3.694518,7.9298143,0.74121445,-0.17584,-0.16485001,106.0,0
16:15:55:787,4.342973,3.67059,7.6953177,0.74121445,-0.17584,-0.16485001,106.0,0
16:15:55:818,4.342973,3.67059,7.6953177,0.018316668,-0.1746189,0.2503278,106.0,0
16:15:55:870,4.0390844,5.5633125,6.9415784,0.018316668,-0.1746189,0.2503278,106.0,0
16:15:55:877,4.3262234,5.3240304,7.2215385,0.018316668,-0.1746189,0.2503278,106.0,0
16:15:55:895,4.3262234,5.3240304,7.2215385,-0.017095556,-0.09768889,0.19415668,106.0,0
16:15:55:951,4.3262234,5.3240304,7.2215385,0.13798556,0.14531223,0.10745778,106.0,0
16:15:55:961,4.644469,4.395615,7.348358,0.13798556,0.14531223,0.10745778,106.0,0
16:15:55:975,4.644469,4.395615,7.348358,0.10013112,0.10745778,0.13188,106.0,0
16:15:56:026,4.644469,4.395615,7.348358,-0.054950003,0.09646778,0.20026223,106.0,0
16:15:56:059,4.261617,5.029713,7.271788,-0.054950003,0.09646778,0.20026223,106.0,0
16:15:56:067,4.1371903,4.7712884,7.798209,-0.054950003,0.09646778,0.20026223,106.0,0
16:15:56:091,4.1371903,4.7712884,7.798209,-0.08669889,0.018316668,0.21980001,106.0,0
16:15:56:151,4.005585,4.694718,7.4129643,-0.08669889,0.018316668,0.21980001,106.0,0
16:15:56:160,4.6301117,5.2235317,7.4823565,-0.08669889,0.018316668,0.21980001,106.0,0
16:15:56:172,4.6301117,5.2235317,7.4823565,-0.2845189,0.11234222,0.16362889,106.0,0
16:15:56:225,4.6301117,5.2235317,7.4823565,-0.05372889,0.09768889,0.17706113,106.0,0
16:15:56:246,4.601398,4.278367,7.2646093,-0.05372889,0.09768889,0.17706113,106.0,0
16:15:56:252,4.601398,4.278367,7.2646093,0.07204556,0.064718895,0.13798556,106.0,0
16:15:56:300,4.601398,4.278367,7.2646093,0.007326667,0.098910004,0.098910004,106.0,0
16:15:56:343,4.6061835,4.1467614,7.34118,0.007326667,0.098910004,0.098910004,106.0,0
16:15:56:351,4.3357944,4.613362,7.2023964,0.007326667,0.098910004,0.098910004,106.0,0
16:15:56:373,4.3357944,4.613362,7.2023964,0.06227667,0.047623336,0.09646778,106.0,0
16:15:56:437,4.395615,4.3070807,7.3268228,0.06227667,0.047623336,0.09646778,106.0,0
16:15:56:444,4.723432,4.0845485,7.726424,0.06227667,0.047623336,0.09646778,106.0,0
16:15:56:458,4.723432,4.0845485,7.726424,0.35534334,0.39808223,-0.035412222,106.0,0
16:15:56:506,4.723432,4.0845485,7.726424,0.2955089,0.22102112,0.01099,106.0,0
16:15:56:528,3.8572302,5.0799623,7.2933235,0.2955089,0.22102112,0.01099,106.0,0
16:15:56:555,3.8572302,5.0799623,7.2933235,0.25765446,0.14897557,-0.035412222,106.0,0
16:15:56:582,3.8572302,5.0799623,7.2933235,-0.06105556,0.15141778,0.05006556,106.0,0
16:15:56:621,3.5892339,5.7260246,7.259824,-0.06105556,0.15141778,0.05006556,106.0,0
16:15:56:628,3.603591,5.0679984,7.429714,-0.06105556,0.15141778,0.05006556,106.0,0
16:15:56:658,3.603591,5.0679984,7.429714,0.064718895,-2.4153578,-0.6557367,106.0,0
16:15:56:715,3.4289148,4.7162533,7.539784,0.064718895,-2.4153578,-0.6557367,106.0,0
16:15:56:725,6.836294,6.876972,7.4512496,0.064718895,-2.4153578,-0.6557367,106.0,0
16:15:56:732,6.836294,6.876972,7.4512496,0.23323223,0.0048844446,0.123332225,106.0,0
16:15:56:789,6.836294,6.876972,7.4512496,0.44082114,0.5287411,-0.04151778,106.0,0
16:15:56:815,3.0939198,4.8933225,7.1784678,0.44082114,0.5287411,-0.04151778,106.0,0
16:15:56:822,3.0939198,4.8933225,7.1784678,0.4493689,0.46524334,-0.039075557,106.0,0
16:15:56:863,3.0939198,4.8933225,7.1784678,-0.13920668,-0.18927222,0.21003112,106.0,0
16:15:56:907,2.7302105,5.838487,6.6831536,-0.13920668,-0.18927222,0.21003112,106.0,0
16:15:56:916,4.125226,5.7260246,7.2670026,-0.13920668,-0.18927222,0.21003112,106.0,0
16:15:56:943,4.125226,5.7260246,7.2670026,0.013432222,-0.16362889,0.17217667,106.0,0
16:15:56:998,4.0366917,5.130212,7.2646093,0.013432222,-0.16362889,0.17217667,106.0,0
16:15:57:006,4.955536,4.211368,7.2095747,0.013432222,-0.16362889,0.17217667,106.0,0
16:15:57:015,4.955536,4.211368,7.2095747,0.44204223,0.22346334,0.04151778,106.0,0
16:15:57:064,4.955536,4.211368,7.2095747,0.42983112,0.32115224,-0.037854444,106.0,0
16:15:57:095,3.9888353,5.5250273,7.2646093,0.42983112,0.32115224,-0.037854444,106.0,0
16:15:57:108,3.8333018,5.6207404,7.2023964,0.42983112,0.32115224,-0.037854444,106.0,0
16:15:57:137,3.8333018,5.6207404,7.2023964,0.5885756,0.046402223,0.034191113,106.0,0
16:15:57:188,3.359523,5.367101,7.0325055,0.5885756,0.046402223,0.034191113,106.0,0
16:15:57:196,3.5533416,5.2689953,7.7479596,0.5885756,0.046402223,0.034191113,106.0,0
16:15:57:215,3.5533416,5.2689953,7.7479596,1.5996556,0.27841336,0.06716111,106.0,0
16:15:57:271,3.5533416,5.2689953,7.7479596,1.9244711,0.47623336,0.05617111,106.0,0
16:15:57:285,4.007978,5.1421757,6.503692,1.9244711,0.47623336,0.05617111,106.0,0
16:15:57:293,4.007978,5.1421757,6.503692,1.8878379,0.48600224,-0.017095556,106.0,0
16:15:57:348,4.007978,5.1421757,6.503692,1.2894934,0.3614489,-0.09524667,106.0,0
16:15:57:376,3.7567315,6.8195443,4.895715,1.2894934,0.3614489,-0.09524667,106.0,0
16:15:57:386,4.2352962,7.798209,4.7976093,1.2894934,0.3614489,-0.09524667,106.0,0
16:15:57:420,4.2352962,7.798209,4.7976093,0.87065226,0.2625389,-0.07937223,106.0,0
16:15:57:471,3.938586,7.8580294,4.792824,0.87065226,0.2625389,-0.07937223,106.0,0
16:15:57:479,3.979264,7.5732837,4.493721,0.87065226,0.2625389,-0.07937223,106.0,0
16:15:57:500,3.979264,7.5732837,4.493721,1.1563922,0.4481478,-0.55438447,106.0,0
16:15:57:552,3.979264,7.5732837,4.493721,1.229659,0.20636779,-0.5226356,106.0,0
16:15:57:564,2.3808584,8.370093,3.2997024,1.229659,0.20636779,-0.5226356,106.0,0
16:15:57:572,2.3808584,8.370093,3.2997024,0.63009334,0.37488112,-0.38831335,106.0,0
16:15:57:629,2.3808584,8.370093,3.2997024,0.012211111,0.08669889,-0.03052778,106.0,0
16:15:57:661,2.2205393,9.738789,2.737389,0.012211111,0.08669889,-0.03052778,106.0,0
16:15:57:670,2.5004997,8.662018,2.5603201,0.012211111,0.08669889,-0.03052778,106.0,0
16:15:57:702,2.5004997,8.662018,2.5603201,0.6349778,-0.08669889,-0.3602278,106.0,0
16:15:57:753,2.0721843,8.4347,2.495714,0.6349778,-0.08669889,-0.3602278,106.0,0
16:15:57:761,1.6151553,8.9108715,2.4311078,0.6349778,-0.08669889,-0.3602278,106.0,0
16:15:57:779,1.6151553,8.9108715,2.4311078,0.80593336,-0.12943779,-0.28085557,106.0,0
16:15:57:835,1.6151553,8.9108715,2.4311078,-0.1306589,-0.44570556,-0.17584,106.0,0
16:15:57:850,2.8642087,8.628518,2.292324,-0.1306589,-0.44570556,-0.17584,106.0,0
16:15:57:857,2.8642087,8.628518,2.292324,-0.29306668,-0.5775856,-0.04396,106.0,0
16:15:57:914,2.8642087,8.628518,2.292324,-0.1526389,-0.4701278,0.018316668,106.0,0
16:15:57:945,3.022135,7.795816,2.672783,-0.1526389,-0.4701278,0.018316668,106.0,0
16:15:57:955,3.4073794,8.193025,2.9838498,-0.1526389,-0.4701278,0.018316668,106.0,0
16:15:57:986,3.4073794,8.193025,2.9838498,-0.43960002,-0.28818223,0.057392225,106.0,0
16:15:58:035,3.2207394,8.159525,2.9336007,-0.43960002,-0.28818223,0.057392225,106.0,0
16:15:58:044,4.2855453,8.906086,4.402794,-0.43960002,-0.28818223,0.057392225,106.0,0
16:15:58:054,4.2855453,8.906086,4.402794,0.55438447,0.7131289,0.09280445,106.0,0
16:15:58:108,4.2855453,8.906086,4.402794,0.2613178,0.5678167,-0.3174889,106.0,0
16:15:58:133,4.9866424,11.306087,4.0414777,0.2613178,0.5678167,-0.3174889,106.0,0
16:15:58:162,4.9866424,11.306087,4.0414777,-0.13554333,0.3052778,-0.3712178,106.0,0
16:15:58:184,4.9866424,11.306087,4.0414777,0.01099,0.29184556,-0.31993112,106.0,0
16:15:58:224,0.4211368,11.485549,3.4911282,0.01099,0.29184556,-0.31993112,106.0,0
16:15:58:232,0.66999036,7.4943204,2.1559331,0.01099,0.29184556,-0.31993112,106.0,0
16:15:58:258,0.66999036,7.4943204,2.1559331,-0.24788557,-0.30039334,0.3382478,106.0,0
16:15:58:317,1.3447664,7.5756764,2.2707887,-0.24788557,-0.30039334,0.3382478,106.0,0
16:15:58:325,2.132005,6.8865438,2.6823542,-0.24788557,-0.30039334,0.3382478,106.0,0
16:15:58:340,2.132005,6.8865438,2.6823542,0.24300112,0.058613338,0.35900667,106.0,0
16:15:58:389,2.132005,6.8865438,2.6823542,0.67039,0.026864445,0.34191114,106.0,0
16:15:58:413,2.6751757,7.7671022,3.493521,0.67039,0.026864445,0.34191114,106.0,0
16:15:58:424,2.6751757,7.7671022,3.493521,0.63742,0.09646778,0.32725778,106.0,0
16:15:58:465,2.6751757,7.7671022,3.493521,0.5153089,0.106236674,0.14042778,106.0,0
16:15:58:505,2.7756743,9.169296,2.5938199,0.5153089,0.106236674,0.14042778,106.0,0
16:15:58:514,2.6512475,8.963513,1.7659031,0.5153089,0.106236674,0.14042778,106.0,0
16:15:58:545,2.6512475,8.963513,1.7659031,0.5641534,0.15752333,0.21247335,106.0,0
16:15:58:600,2.5196424,8.937193,1.713261,0.5641534,0.15752333,0.21247335,106.0,0
16:15:58:607,2.9312077,9.556933,1.1820544,0.5641534,0.15752333,0.21247335,106.0,0
16:15:58:616,2.9312077,9.556933,1.1820544,0.081814446,0.09036223,0.39930335,106.0,0
16:15:58:674,2.9312077,9.556933,1.1820544,-0.091583334,0.09280445,0.27841336,106.0,0
16:15:58:698,3.5844483,9.157332,0.9619147,-0.091583334,0.09280445,0.27841336,106.0,0
16:15:58:707,3.5844483,9.157332,0.9619147,-0.16851334,0.06716111,0.26620224,106.0,0
16:15:58:748,3.5844483,9.157332,0.9619147,0.007326667,0.2625389,0.1306589,106.0,0
16:15:58:792,4.369294,8.961121,1.4452649,0.007326667,0.2625389,0.1306589,106.0,0
16:15:58:801,4.8239303,9.456435,2.103291,0.007326667,0.2625389,0.1306589,106.0,0
16:15:58:825,4.8239303,9.456435,2.103291,0.15019667,0.39686114,-0.20392556,106.0,0
16:15:58:882,4.54397,9.200403,1.5266209,0.15019667,0.39686114,-0.20392556,106.0,0
16:15:58:891,3.5796626,9.609575,0.8111669,0.15019667,0.39686114,-0.20392556,106.0,0
16:15:58:899,3.5796626,9.609575,0.8111669,0.0061055557,0.36511225,-0.1856089,106.0,0
16:15:58:958,3.5796626,9.609575,0.8111669,-0.20514667,0.5568267,-0.15996556,106.0,0
16:15:58:982,3.0580273,8.796016,1.0935199,-0.20514667,0.5568267,-0.15996556,106.0,0
16:15:58:989,3.0580273,8.796016,1.0935199,-0.12821667,0.6801589,-0.059834447,106.0,0
16:15:59:030,3.0580273,8.796016,1.0935199,0.5238567,0.6142189,-0.06960334,106.0,0
16:15:59:072,3.2470603,8.10449,1.4452649,0.5238567,0.6142189,-0.06960334,106.0,0
16:15:59:081,4.139583,9.990034,1.2658032,0.5238567,0.6142189,-0.06960334,106.0,0
16:15:59:102,4.139583,9.990034,1.2658032,0.17217667,0.69481224,-0.12577444,106.0,0
16:15:59:153,4.139583,9.990034,1.2658032,-0.34557447,0.46158,-0.44082114,106.0,0
16:15:59:171,2.7589245,9.755538,0.3804588,-0.34557447,0.46158,-0.44082114,106.0,0
16:15:59:193,2.7589245,9.755538,0.3804588,-0.31260446,0.37610224,-0.3602278,106.0,0
16:15:59:229,2.7589245,9.755538,0.3804588,-0.23567446,0.11844778,0.24544334,106.0,0
16:15:59:260,1.6677973,9.0233345,2.1631117,-0.23567446,0.11844778,0.24544334,106.0,0
16:15:59:273,2.778067,8.405986,2.78046,-0.23567446,0.11844778,0.24544334,106.0,0
16:15:59:307,2.778067,8.405986,2.78046,0.4823389,0.31382558,0.07570889,106.0,0
16:15:59:355,2.8498518,8.480164,2.9431717,0.4823389,0.31382558,0.07570889,106.0,0
16:15:59:363,2.5914268,9.073584,2.4335005,0.4823389,0.31382558,0.07570889,106.0,0
16:15:59:386,2.5914268,9.073584,2.4335005,0.5043189,0.2955089,0.20148334,106.0,0
16:15:59:438,2.5914268,9.073584,2.4335005,0.064718895,0.41151446,0.068382226,106.0,0
16:15:59:451,2.9647074,10.258031,1.294517,0.064718895,0.41151446,0.068382226,106.0,0
16:15:59:458,2.9647074,10.258031,1.294517,-0.06227667,0.31504667,0.013432222,106.0,0
16:15:59:513,2.9647074,10.258031,1.294517,-0.05617111,0.08669889,0.24544334,106.0,0
16:15:59:548,1.1820544,8.860622,1.6773686,-0.05617111,0.08669889,0.24544334,106.0,0
16:15:59:556,2.1176481,8.590233,2.07697,-0.05617111,0.08669889,0.24544334,106.0,0
16:15:59:587,2.1176481,8.590233,2.07697,0.6423045,0.10745778,0.3944189,106.0,0
16:15:59:636,2.5316064,8.329415,2.1559331,0.6423045,0.10745778,0.3944189,106.0,0
16:15:59:644,3.3810585,8.7266245,1.2251252,0.6423045,0.10745778,0.3944189,106.0,0
16:15:59:664,3.3810585,8.7266245,1.2251252,0.09768889,0.081814446,0.57148004,106.0,0
16:15:59:720,3.3810585,8.7266245,1.2251252,0.068382226,0.28574002,-0.50554,106.0,0
16:15:59:732,4.87418,10.200603,1.1724831,0.068382226,0.28574002,-0.50554,106.0,0
16:15:59:751,4.87418,10.200603,1.1724831,0.11356334,0.28818223,-0.5519422,106.0,0
16:15:59:793,4.87418,10.200603,1.1724831,0.11600556,0.24178001,0.06349778,106.0,0
16:15:59:827,2.1631117,9.073584,1.5290136,0.11600556,0.24178001,0.06349778,106.0,0
16:15:59:834,2.536392,8.128419,1.7084754,0.11600556,0.24178001,0.06349778,106.0,0
16:15:59:870,2.536392,8.128419,1.7084754,0.14409111,0.21247335,0.4163989,106.0,0
16:15:59:920,2.7565317,8.073383,1.6845472,0.14409111,0.21247335,0.4163989,106.0,0
16:15:59:928,3.6586258,8.599805,1.1437693,0.14409111,0.21247335,0.4163989,106.0,0
16:15:59:945,3.6586258,8.599805,1.1437693,0.27230778,0.2185789,0.20881,106.0,0
16:16:00:001,3.6586258,8.599805,1.1437693,0.48722336,0.31016225,-0.38220778,106.0,0
16:16:00:014,4.8693943,9.35833,0.9882358,0.48722336,0.31016225,-0.38220778,106.0,0
16:16:00:022,4.8693943,9.35833,0.9882358,0.34679556,0.32359445,-0.44570556,106.0,0
16:16:00:069,4.8693943,9.35833,0.9882358,0.12089001,0.32359445,-0.23445335,106.0,0
16:16:00:107,3.4695928,9.7196455,0.5982057,0.12089001,0.32359445,-0.23445335,106.0,0
16:16:00:115,2.5411777,8.60459,0.83748794,0.12089001,0.32359445,-0.23445335,106.0,0
16:16:00:142,2.5411777,8.60459,0.83748794,0.029306669,0.24666445,0.3931978,106.0,0
16:16:00:201,2.4335005,8.329415,0.9882358,0.029306669,0.24666445,0.3931978,106.0,0
16:16:00:208,3.6227336,8.965906,1.1533405,0.029306669,0.24666445,0.3931978,106.0,0
16:16:00:217,3.6227336,8.965906,1.1533405,0.25887558,0.2955089,-0.08425667,106.0,0
16:16:00:274,3.6227336,8.965906,1.1533405,-0.14164889,0.2942878,-0.24544334,106.0,0
16:16:00:300,3.9577286,8.970692,0.50009996,-0.14164889,0.2942878,-0.24544334,106.0,0
16:16:00:325,3.9577286,8.970692,0.50009996,-0.21980001,0.30161446,-0.13188,106.0,0
16:16:00:353,3.9577286,8.970692,0.50009996,0.017095556,0.27108666,0.18072446,106.0,0
16:16:00:399,2.8426733,7.982456,1.105484,0.017095556,0.27108666,0.18072446,106.0,0
16:16:00:406,3.4121652,8.4347,1.3782659,0.017095556,0.27108666,0.18072446,106.0,0
16:16:00:426,3.4121652,8.4347,1.3782659,0.5836911,0.2845189,-0.012211111,106.0,0
16:16:00:484,3.7016966,8.7984085,1.1485549,0.5836911,0.2845189,-0.012211111,106.0,0
16:16:00:491,3.8213377,9.521041,0.2321038,0.5836911,0.2845189,-0.012211111,106.0,0
16:16:00:502,3.8213377,9.521041,0.2321038,0.24544334,0.3174889,-0.18194556,106.0,0
16:16:00:558,3.8213377,9.521041,0.2321038,0.16240779,0.30039334,-0.4261678,106.0,0
16:16:00:581,3.5198421,10.707881,0.10289137,0.16240779,0.30039334,-0.4261678,106.0,0
16:16:00:591,3.5198421,10.707881,0.10289137,0.058613338,0.24544334,-0.30161446,106.0,0
16:16:00:633,3.5198421,10.707881,0.10289137,0.12821667,0.30039334,0.109900005,106.0,0
16:16:00:671,2.2947168,8.915657,0.5168497,0.12821667,0.30039334,0.109900005,106.0,0
16:16:00:682,2.268396,8.329415,0.2847459,0.12821667,0.30039334,0.109900005,106.0,0
16:16:00:709,2.268396,8.329415,0.2847459,0.35778558,0.28329778,0.18438779,106.0,0
16:16:00:770,2.617748,8.372486,0.13160525,0.35778558,0.28329778,0.18438779,106.0,0
16:16:00:777,2.87378,8.626125,-0.36370903,0.35778558,0.28329778,0.18438779,106.0,0
16:16:00:786,2.87378,8.626125,-0.36370903,0.25765446,0.27230778,0.08792,106.0,0
16:16:00:838,2.87378,8.626125,-0.36370903,0.2295689,0.27475002,0.39197668,106.0,0
16:16:00:864,2.7948167,8.987442,-0.5694918,0.2295689,0.27475002,0.39197668,106.0,0
16:16:00:873,2.7948167,8.987442,-0.5694918,0.2869611,0.2845189,0.42861003,106.0,0
16:16:00:916,2.7948167,8.987442,-0.5694918,0.18805112,0.21003112,0.37488112,106.0,0
16:16:00:959,3.0029924,9.858429,-0.76331043,0.18805112,0.21003112,0.37488112,106.0,0
16:16:00:967,2.751746,9.233903,-1.012164,0.18805112,0.21003112,0.37488112,106.0,0
16:16:00:992,2.751746,9.233903,-1.012164,-0.11234222,-0.19049335,0.057392225,106.0,0
16:16:01:039,2.751746,9.233903,-1.012164,-0.09646778,0.08303556,0.06594,106.0,0
16:16:01:053,3.278167,8.817552,-0.7704889,-0.09646778,0.08303556,0.06594,106.0,0
16:16:01:080,3.278167,8.817552,-0.7704889,-0.046402223,0.0061055557,0.15141778,106.0,0
16:16:01:112,3.278167,8.817552,-0.7704889,0.08669889,0.2869611,-0.025643334,106.0,0
16:16:01:144,3.9457645,8.867801,-0.4881358,0.08669889,0.2869611,-0.025643334,106.0,0
16:16:01:153,3.6275191,9.729217,-0.8063812,0.08669889,0.2869611,-0.025643334,106.0,0
16:16:01:189,3.6275191,9.729217,-0.8063812,-0.3834289,0.12089001,-0.117226675,106.0,0
16:16:01:239,3.278167,9.090333,-0.92602235,-0.3834289,0.12089001,-0.117226675,106.0,0
16:16:01:247,3.9744785,8.085348,-0.33499518,-0.3834289,0.12089001,-0.117226675,106.0,0
16:16:01:267,3.9744785,8.085348,-0.33499518,-0.39197668,0.40907225,0.13676445,106.0,0
16:16:01:321,3.9744785,8.085348,-0.33499518,0.3309211,0.41029334,-0.04396,106.0,0
16:16:01:332,4.7377887,8.152347,0.89730847,0.3309211,0.41029334,-0.04396,106.0,0
16:16:01:341,4.7377887,8.152347,0.89730847,0.4359367,0.44082114,-0.08792,106.0,0
16:16:01:399,4.7377887,8.152347,0.89730847,0.8547778,0.48356003,-0.18927222,106.0,0
16:16:01:425,3.885944,9.970892,0.076570325,0.8547778,0.48356003,-0.18927222,106.0,0
16:16:01:435,2.1559331,9.547362,-1.3615161,0.8547778,0.48356003,-0.18927222,106.0,0
16:16:01:471,2.1559331,9.547362,-1.3615161,0.16851334,0.35412225,-0.22102112,106.0,0
16:16:01:521,1.9214365,9.099904,-1.2993027,0.16851334,0.35412225,-0.22102112,106.0,0
16:16:01:530,2.0386848,8.618947,-0.5910272,0.16851334,0.35412225,-0.22102112,106.0,0
16:16:01:551,2.0386848,8.618947,-0.5910272,-0.015874445,0.27963445,0.08792,106.0,0
16:16:01:602,2.0386848,8.618947,-0.5910272,0.01099,0.46280113,0.6325356,106.0,0
16:16:01:615,4.098905,9.415757,-0.10049855,0.01099,0.46280113,0.6325356,106.0,0
16:16:01:623,4.098905,9.415757,-0.10049855,-0.58491224,0.6239878,0.15630223,106.0,0
16:16:01:680,4.098905,9.415757,-0.10049855,-0.8413456,-0.0061055557,0.42128336,106.0,0
16:16:01:714,3.0125637,9.461221,-1.4524434,-0.8413456,-0.0061055557,0.42128336,106.0,0
16:16:01:722,4.651647,10.554741,0.7585248,-0.8413456,-0.0061055557,0.42128336,106.0,0
16:16:01:753,4.651647,10.554741,0.7585248,-0.6935911,0.6020078,-0.04151778,106.0,0
16:16:01:802,4.6707897,9.882358,0.6963114,-0.6935911,0.6020078,-0.04151778,106.0,0
16:16:01:810,3.1609187,8.985049,1.6151553,-0.6935911,0.6020078,-0.04151778,106.0,0
16:16:01:829,3.1609187,8.985049,1.6151553,-0.48600224,0.5153089,0.24178001,106.0,0
16:16:01:884,3.1609187,8.985049,1.6151553,-0.40663,0.3858711,0.45303226,106.0,0
16:16:01:898,3.199204,8.458628,1.6534405,-0.40663,0.3858711,0.45303226,106.0,0
16:16:01:912,3.199204,8.458628,1.6534405,-0.36267,0.55438447,0.46035892,106.0,0
16:16:01:960,3.199204,8.458628,1.6534405,-0.6935911,0.5043189,0.27230778,106.0,0
16:16:01:993,4.658826,9.432507,2.8474588,-0.6935911,0.5043189,0.27230778,106.0,0
16:16:02:001,4.362116,8.216953,2.158326,-0.6935911,0.5043189,0.27230778,106.0,0
16:16:02:042,4.362116,8.216953,2.158326,-0.5971234,0.83768225,0.38220778,106.0,0
16:16:02:087,4.505685,7.908279,2.158326,-0.5971234,0.83768225,0.38220778,106.0,0
16:16:02:103,3.735196,9.564112,2.672783,-0.5971234,0.83768225,0.38220778,106.0,0
16:16:02:130,3.735196,9.564112,2.672783,0.24544334,1.0257334,-0.21369445,106.0,0
16:16:02:158,3.735196,9.564112,2.672783,-0.38220778,1.2052367,-0.56659555,106.0,0
16:16:02:190,3.6921253,9.032906,2.333002,-0.38220778,1.2052367,-0.56659555,106.0,0
16:16:02:198,3.6921253,9.032906,2.333002,-0.49821335,0.94391894,-0.57514334,106.0,0
16:16:02:236,3.6921253,9.032906,2.333002,0.37610224,0.5702589,-0.6557367,106.0,0
16:16:02:275,2.5387847,7.9106717,2.7852457,0.37610224,0.5702589,-0.6557367,106.0,0
16:16:02:282,2.8546374,7.4153576,2.3808584,0.37610224,0.5702589,-0.6557367,106.0,0
16:16:02:310,2.8546374,7.4153576,2.3808584,-0.78273225,0.11478445,-0.14409111,106.0,0
16:16:02:371,2.7637103,7.7623167,2.548356,-0.78273225,0.11478445,-0.14409111,106.0,0
16:16:02:380,2.7062824,7.54457,3.3212378,-0.78273225,0.11478445,-0.14409111,106.0,0
16:16:02:398,2.7062824,7.54457,3.3212378,-0.22102112,-0.1526389,0.19537778,106.0,0
16:16:02:441,2.7062824,7.54457,3.3212378,-0.6679478,0.024422223,0.046402223,106.0,0
16:16:02:467,2.469393,9.040084,4.6755753,-0.6679478,0.024422223,0.046402223,106.0,0
16:16:02:490,2.469393,9.040084,4.6755753,-0.60445005,0.07693,-0.029306669,106.0,0
16:16:02:519,2.469393,9.040084,4.6755753,-0.11356334,0.2759711,-0.27963445,106.0,0
16:16:02:557,2.07697,9.760324,5.9437714,-0.11356334,0.2759711,-0.27963445,106.0,0
16:16:02:568,2.2731814,8.9013,5.139783,-0.11356334,0.2759711,-0.27963445,106.0,0
16:16:02:591,2.2731814,8.9013,5.139783,0.5690378,0.45425335,-0.27475002,106.0,0
16:16:02:651,2.172683,8.623733,4.5942197,0.5690378,0.45425335,-0.27475002,106.0,0
16:16:02:659,2.0434706,7.3292155,2.8402805,0.5690378,0.45425335,-0.27475002,106.0,0
16:16:02:670,2.0434706,7.3292155,2.8402805,0.19049335,-0.035412222,0.05372889,106.0,0
16:16:02:725,2.0434706,7.3292155,2.8402805,-0.5788067,-0.2613178,0.2515489,106.0,0
16:16:02:749,1.7228323,7.4392858,3.8572302,-0.5788067,-0.2613178,0.2515489,106.0,0
16:16:02:756,1.7228323,7.4392858,3.8572302,-0.7522045,-0.2942878,0.32481557,106.0,0
16:16:02:801,1.7228323,7.4392858,3.8572302,-0.64108336,-0.14775445,0.32237336,106.0,0
16:16:02:842,2.376073,7.207182,5.532206,-0.64108336,-0.14775445,0.32237336,106.0,0
16:16:02:851,2.8929226,7.5900335,5.680561,-0.64108336,-0.14775445,0.32237336,106.0,0
16:16:02:876,2.8929226,7.5900335,5.680561,0.85722005,0.33580557,0.09036223,106.0,0
16:16:02:934,2.993421,7.743174,5.383851,0.85722005,0.33580557,0.09036223,106.0,0
16:16:02:946,2.254039,8.855837,4.3525443,0.85722005,0.33580557,0.09036223,106.0,0
16:16:02:954,2.254039,8.855837,4.3525443,0.28940335,0.21369445,0.05372889,106.0,0
16:16:03:007,2.254039,8.855837,4.3525443,-0.036633335,0.22712667,-0.070824444,106.0,0
16:16:03:029,2.0865414,8.599805,3.5988052,-0.036633335,0.22712667,-0.070824444,106.0,0
16:16:03:036,2.0865414,8.599805,3.5988052,-0.068382226,0.30649891,-0.098910004,106.0,0
16:16:03:073,2.0865414,8.599805,3.5988052,0.45181113,0.27719223,-0.04029667,106.0,0
16:16:03:125,1.8017955,7.7240314,3.385844,0.45181113,0.27719223,-0.04029667,106.0,0
16:16:03:133,1.5409778,7.8987074,3.7040894,0.45181113,0.27719223,-0.04029667,106.0,0
16:16:03:147,1.5409778,7.8987074,3.7040894,0.19415668,-0.15141778,0.07937223,106.0,0
16:16:03:207,1.5409778,7.8987074,3.7040894,0.10501556,0.07326667,0.11600556,106.0,0
16:16:03:217,3.050849,9.298509,5.252246,0.10501556,0.07326667,0.11600556,106.0,0
16:16:03:227,3.050849,9.298509,5.252246,0.40785113,0.4273889,-0.11112112,106.0,0
16:16:03:279,3.050849,9.298509,5.252246,1.1698245,1.01108,-0.03297,106.0,0
16:16:03:310,3.6873398,8.796016,4.76411,1.1698245,1.01108,-0.03297,106.0,0
16:16:03:318,1.3543376,8.420342,3.5772698,1.1698245,1.01108,-0.03297,106.0,0
16:16:03:355,1.3543376,8.420342,3.5772698,1.1820356,0.74732006,0.2503278,106.0,0
16:16:03:405,1.0241281,8.288737,2.9766715,1.1820356,0.74732006,0.2503278,106.0,0
16:16:03:413,1.7826529,8.9108715,1.7730815,1.1820356,0.74732006,0.2503278,106.0,0
16:16:03:436,1.7826529,8.9108715,1.7730815,-0.26009667,-0.30405667,0.7424356,106.0,0
16:16:03:487,1.7826529,8.9108715,1.7730815,-0.5568267,-0.58491224,0.84745115,106.0,0
16:16:03:499,2.5938199,8.760123,3.141776,-0.5568267,-0.58491224,0.84745115,106.0,0
16:16:03:506,2.5938199,8.760123,3.141776,-0.62643003,-0.36511225,0.6386411,106.0,0
16:16:03:563,2.5938199,8.760123,3.141776,-0.21003112,-0.007326667,0.34557447,106.0,0
16:16:03:598,3.7950168,9.815358,4.23051,-0.21003112,-0.007326667,0.34557447,106.0,0
16:16:03:608,3.345166,8.458628,4.173083,-0.21003112,-0.007326667,0.34557447,106.0,0
16:16:03:636,3.345166,8.458628,4.173083,-0.089141116,0.01099,0.35412225,106.0,0
16:16:03:687,3.3810585,8.372486,3.991228,-0.089141116,0.01099,0.35412225,106.0,0
16:16:03:694,3.5653057,7.8460655,3.1872396,-0.089141116,0.01099,0.35412225,106.0,0
16:16:03:715,3.5653057,7.8460655,3.1872396,-0.08059334,0.07570889,0.19415668,106.0,0
16:16:03:769,3.5653057,7.8460655,3.1872396,-0.3382478,-0.10501556,0.46768558,106.0,0
16:16:03:784,3.8644085,7.908279,3.6490545,-0.3382478,-0.10501556,0.46768558,106.0,0
16:16:03:802,3.8644085,7.908279,3.6490545,-0.44570556,-0.13554333,0.4921078,106.0,0
16:16:03:845,3.8644085,7.908279,3.6490545,-0.27230778,0.06594,0.22224224,106.0,0
16:16:03:880,4.761717,7.7623167,4.194618,-0.27230778,0.06594,0.22224224,106.0,0
16:16:03:889,4.718646,7.429714,4.5918264,-0.27230778,0.06594,0.22224224,106.0,0
16:16:03:924,4.718646,7.429714,4.5918264,0.4041878,0.30283555,0.09768889,106.0,0
16:16:03:970,4.7162533,7.487142,4.546363,0.4041878,0.30283555,0.09768889,106.0,0
16:16:03:978,4.5798626,7.539784,3.845266,0.4041878,0.30283555,0.09768889,106.0,0
16:16:03:995,4.5798626,7.539784,3.845266,0.41884112,0.22590557,0.09646778,106.0,0
16:16:04:043,4.5798626,7.539784,3.845266,-0.06105556,0.1856089,0.15874445,106.0,0
16:16:04:066,4.024728,8.190632,3.3427732,-0.06105556,0.1856089,0.15874445,106.0,0
16:16:04:074,4.024728,8.190632,3.3427732,-0.13676445,0.23323223,0.10013112,106.0,0
16:16:04:120,4.024728,8.190632,3.3427732,-0.13798556,0.30039334,-0.018316668,106.0,0
16:16:04:158,4.6468616,7.7383885,3.615555,-0.13798556,0.30039334,-0.018316668,106.0,0
16:16:04:168,4.1874394,7.645068,4.1467614,-0.13798556,0.30039334,-0.018316668,106.0,0
16:16:04:194,4.1874394,7.645068,4.1467614,0.30772,0.40907225,-0.06960334,106.0,0
16:16:04:251,4.319045,7.798209,4.0845485,0.30772,0.40907225,-0.06960334,106.0,0
16:16:04:260,4.213761,8.257631,3.952943,0.30772,0.40907225,-0.06960334,106.0,0
16:16:04:278,4.213761,8.257631,3.952943,0.18438779,0.3602278,-0.009768889,106.0,0
16:16:04:326,4.213761,8.257631,3.952943,-0.09402556,0.16485001,0.2283478,106.0,0
16:16:04:349,3.495914,8.568698,3.7854455,-0.09402556,0.16485001,0.2283478,106.0,0
16:16:04:361,3.495914,8.568698,3.7854455,-0.035412222,0.19171445,0.19049335,106.0,0
16:16:04:407,3.495914,8.568698,3.7854455,0.081814446,1.2040156,-0.87065226,106.0,0
16:16:04:445,4.3836513,8.484949,4.8095737,0.081814446,1.2040156,-0.87065226,106.0,0
16:16:04:455,4.816752,10.73181,6.869794,0.081814446,1.2040156,-0.87065226,106.0,0
16:16:04:475,4.816752,10.73181,6.869794,-0.7082445,1.5630223,-0.9268234,106.0,0
16:16:04:539,4.7952166,11.282159,6.0825553,-0.7082445,1.5630223,-0.9268234,106.0,0
16:16:04:548,3.7136607,11.397015,6.32423,-0.7082445,1.5630223,-0.9268234,106.0,0
16:16:04:558,3.7136607,11.397015,6.32423,-1.2174479,1.4201523,-1.4238156,106.0,0
16:16:04:607,3.7136607,11.397015,6.32423,-1.1710457,0.8364611,-1.504409,106.0,0
16:16:04:635,1.8544376,9.391829,4.9603214,-1.1710457,0.8364611,-1.504409,106.0,0
16:16:04:644,1.8544376,9.391829,4.9603214,-1.3822979,0.74609894,-1.5312734,106.0,0
16:16:04:684,1.8544376,9.391829,4.9603214,-1.9403456,0.15141778,-1.1930256,106.0,0
16:16:04:722,1.5146568,7.520642,3.3954153,-1.9403456,0.15141778,-1.1930256,106.0,0
16:16:04:737,1.8879371,5.0416775,2.4095724,-1.9403456,0.15141778,-1.1930256,106.0,0
16:16:04:758,1.8879371,5.0416775,2.4095724,-0.34435335,-1.7022289,0.18194556,106.0,0
16:16:04:818,2.4598217,4.627719,2.821138,-0.34435335,-1.7022289,0.18194556,106.0,0
16:16:04:826,-1.0145568,6.867401,6.4031935,-0.34435335,-1.7022289,0.18194556,106.0,0
16:16:04:848,-1.0145568,6.867401,6.4031935,-2.7157512,-1.9073756,-0.4689067,106.0,0
16:16:04:893,-1.0145568,6.867401,6.4031935,-0.09280445,0.61544,-1.1344123,106.0,0
16:16:04:913,3.522235,7.578069,11.030912,-0.09280445,0.61544,-1.1344123,106.0,0
16:16:04:920,3.522235,7.578069,11.030912,0.10745778,0.2075889,-1.3090311,106.0,0
16:16:04:964,3.522235,7.578069,11.030912,-2.8354201,1.0513767,-0.39564002,106.0,0
16:16:05:013,1.7156538,6.218946,12.655639,-2.8354201,1.0513767,-0.39564002,106.0,0
16:16:05:022,1.2993027,-0.552742,10.124033,-2.8354201,1.0513767,-0.39564002,106.0,0
16:16:05:033,1.2993027,-0.552742,10.124033,0.59834445,0.8621045,-0.36511225,106.0,0
16:16:05:089,1.2993027,-0.552742,10.124033,-0.064718895,0.81448114,0.1526389,106.0,0
16:16:05:101,0.2536392,0.42592242,5.706882,-0.064718895,0.81448114,0.1526389,106.0,0
16:16:05:114,0.2536392,0.42592242,5.706882,-0.10135223,0.9182756,0.3944189,106.0,0
16:16:05:163,0.2536392,0.42592242,5.706882,0.49699223,0.029306669,0.5140878,106.0,0
16:16:05:196,-0.61016977,2.8091738,5.8672013,0.49699223,0.029306669,0.5140878,106.0,0
16:16:05:207,-1.2514462,4.7449675,6.6281185,0.49699223,0.029306669,0.5140878,106.0,0
16:16:05:238,-1.2514462,4.7449675,6.6281185,0.10501556,-0.30649891,0.22712667,106.0,0
16:16:05:287,-0.9068798,5.3718867,6.8195443,0.10501556,-0.30649891,0.22712667,106.0,0
16:16:05:296,-0.8039884,5.0919266,8.394022,0.10501556,-0.30649891,0.22712667,106.0,0
16:16:05:313,-0.8039884,5.0919266,8.394022,6.5500402,1.7193245,-1.0196278,106.0,0
16:16:05:369,-0.8039884,5.0919266,8.394022,-3.4325435,2.559449,-0.3492378,106.0,0
16:16:05:383,2.5339992,12.437892,13.739588,-3.4325435,2.559449,-0.3492378,106.0,0
16:16:05:392,2.5339992,12.437892,13.739588,-5.2226925,2.8024502,0.04396,106.0,0
16:16:05:446,2.5339992,12.437892,13.739588,-3.3116534,3.25304,-0.10867889,106.0,0
16:16:05:477,-0.009571291,6.317052,7.259824,-3.3116534,3.25304,-0.10867889,106.0,0
16:16:05:488,-2.6081767,1.1988041,5.029713,-3.3116534,3.25304,-0.10867889,106.0,0
16:16:05:521,-2.6081767,1.1988041,5.029713,2.1308389,2.04414,-0.05372889,106.0,0
16:16:05:571,-2.778067,0.20578274,4.5559344,2.1308389,2.04414,-0.05372889,106.0,0
16:16:05:580,-3.735196,1.2490535,1.3160524,2.1308389,2.04414,-0.05372889,106.0,0
16:16:05:600,-3.735196,1.2490535,1.3160524,2.5545645,1.3041468,-0.13798556,106.0,0
16:16:05:653,-3.735196,1.2490535,1.3160524,2.0148335,-0.07326667,0.5262989,106.0,0
16:16:05:665,-6.960721,3.0747771,-1.3543376,2.0148335,-0.07326667,0.5262989,106.0,0
16:16:05:672,-6.960721,3.0747771,-1.3543376,1.7730534,-0.29184556,0.6105556,106.0,0
16:16:05:728,-6.960721,3.0747771,-1.3543376,1.2223322,-0.80227005,0.9744467,106.0,0
16:16:05:768,-6.367301,5.0943193,0.44985065,1.2223322,-0.80227005,0.9744467,106.0,0
16:16:05:787,-6.053841,6.250053,1.8855443,1.2223322,-0.80227005,0.9744467,106.0,0
16:16:05:806,-6.053841,6.250053,1.8855443,0.47623336,-1.4763234,1.6020979,106.0,0
16:16:05:854,-6.398408,7.4344997,2.1272194,0.47623336,-1.4763234,1.6020979,106.0,0
16:16:05:862,-4.371687,8.920443,5.5274205,0.47623336,-1.4763234,1.6020979,106.0,0
16:16:05:882,-4.371687,8.920443,5.5274205,1.559359,0.4249467,1.7706112,106.0,0
16:16:05:937,-4.371687,8.920443,5.5274205,0.36267,2.1760201,1.7706112,106.0,0
16:16:05:949,0.09571291,5.6063833,7.5182486,0.36267,2.1760201,1.7706112,106.0,0
16:16:05:957,0.09571291,5.6063833,7.5182486,0.43471557,2.3628502,1.6741434,106.0,0
16:16:06:011,0.09571291,5.6063833,7.5182486,-0.71557117,2.1589246,2.317669,106.0,0
16:16:06:047,1.3016955,6.273981,4.802395,-0.71557117,2.1589246,2.317669,106.0,0
16:16:06:056,1.8831514,7.932207,2.4335005,-0.71557117,2.1589246,2.317669,106.0,0
16:16:06:079,1.8831514,7.932207,2.4335005,1.0049745,1.0123012,2.569218,106.0,0
16:16:06:140,2.5818555,7.353144,2.0291135,1.0049745,1.0123012,2.569218,106.0,0
16:16:06:148,4.3094735,9.267402,0.6269195,1.0049745,1.0123012,2.569218,106.0,0
16:16:06:155,4.3094735,9.267402,0.6269195,1.3065889,1.01108,2.6070724,106.0,0
16:16:06:212,4.3094735,9.267402,0.6269195,2.2334123,0.29306668,2.2761512,106.0,0
16:16:06:236,4.709075,10.116854,-1.0648061,2.2334123,0.29306668,2.2761512,106.0,0
16:16:06:245,4.709075,10.116854,-1.0648061,1.6570479,0.34069002,2.0014012,106.0,0
16:16:06:285,4.709075,10.116854,-1.0648061,0.7986067,-0.4249467,1.7095556,106.0,0
16:16:06:328,5.2689953,12.071791,-3.65384,0.7986067,-0.4249467,1.7095556,106.0,0
16:16:06:336,4.7282176,12.753745,-3.0125637,0.7986067,-0.4249467,1.7095556,106.0,0
16:16:06:358,4.7282176,12.753745,-3.0125637,0.64963114,-0.34069002,0.9329289,106.0,0
16:16:06:419,5.056034,11.992827,-2.9455647,0.64963114,-0.34069002,0.9329289,106.0,0
16:16:06:428,5.3623157,10.365707,-3.0939198,0.64963114,-0.34069002,0.9329289,106.0,0
16:16:06:435,5.3623157,10.365707,-3.0939198,1.0245123,-0.3809867,0.16485001,106.0,0
16:16:06:493,5.3623157,10.365707,-3.0939198,-1.0831256,-0.13310112,0.0,106.0,0
16:16:06:521,4.206582,14.038691,-1.4955142,-1.0831256,-0.13310112,0.0,106.0,0
16:16:06:530,4.206582,14.038691,-1.4955142,-0.7131289,-0.31138334,-0.12211112,106.0,0
16:16:06:567,4.206582,14.038691,-1.4955142,0.21735778,0.03052778,-0.19782001,106.0,0
16:16:06:608,5.3910294,8.748159,-1.5002998,0.21735778,0.03052778,-0.19782001,106.0,0
16:16:06:617,5.8169518,7.300502,-0.9499506,0.21735778,0.03052778,-0.19782001,106.0,0
16:16:06:642,5.8169518,7.300502,-0.9499506,-0.26986557,0.019537779,-0.31382558,106.0,0
16:16:06:708,5.682954,8.161918,-1.8879371,-0.26986557,0.019537779,-0.31382558,106.0,0
16:16:06:716,4.733003,9.3511505,-2.4646072,-0.26986557,0.019537779,-0.31382558,106.0,0
16:16:06:729,4.733003,9.3511505,-2.4646072,-0.9268234,0.29795113,0.5238567,106.0,0
16:16:06:774,4.733003,9.3511505,-2.4646072,-0.88286334,0.23811668,0.3174889,106.0,0
16:16:06:797,6.407979,8.343773,-0.25842485,-0.88286334,0.23811668,0.3174889,106.0,0
16:16:06:813,6.407979,8.343773,-0.25842485,-1.8206767,0.23445335,0.4689067,106.0,0
16:16:06:850,6.407979,8.343773,-0.25842485,-3.3043268,0.1746189,0.8523356,106.0,0
16:16:06:894,6.0634127,9.176475,0.44985065,-3.3043268,0.1746189,0.8523356,106.0,0
16:16:06:902,5.5369916,7.6067834,1.9549361,-3.3043268,0.1746189,0.8523356,106.0,0
16:16:06:926,5.5369916,7.6067834,1.9549361,-4.8600225,0.19293556,0.9817734,106.0,0
16:16:06:985,5.7188463,7.432107,2.6488547,-4.8600225,0.19293556,0.9817734,106.0,0
16:16:06:994,5.3336015,6.364908,3.3786657,-4.8600225,0.19293556,0.9817734,106.0,0
16:16:07:007,5.3336015,6.364908,3.3786657,-3.9564002,0.0,1.46167,106.0,0
16:16:07:048,5.3336015,6.364908,3.3786657,-1.7681689,-0.44204223,1.5068512,106.0,0
16:16:07:081,5.797809,2.5507488,3.845266,-1.7681689,-0.44204223,1.5068512,106.0,0
16:16:07:090,5.2307105,0.9020941,4.4674,-1.7681689,-0.44204223,1.5068512,106.0,0
16:16:07:124,5.2307105,0.9020941,4.4674,0.62765115,-0.8230289,0.96223557,106.0,0
16:16:07:173,5.690132,1.3854443,4.206582,0.62765115,-0.8230289,0.96223557,106.0,0
16:16:07:182,7.0468626,2.1535404,3.1274192,0.62765115,-0.8230289,0.96223557,106.0,0
16:16:07:205,7.0468626,2.1535404,3.1274192,-2.0575724,0.17584,0.22102112,106.0,0
16:16:07:254,7.0468626,2.1535404,3.1274192,-0.39197668,-0.5421733,0.27963445,106.0,0
16:16:07:274,7.874779,4.409972,7.735996,-0.39197668,-0.5421733,0.27963445,106.0,0
16:16:07:285,7.874779,4.409972,7.735996,0.52996224,-0.41884112,0.48356003,106.0,0
16:16:07:329,7.874779,4.409972,7.735996,0.32481557,0.62765115,0.13676445,106.0,0
16:16:07:360,9.104691,-0.33499518,4.1611185,0.32481557,0.62765115,0.13676445,106.0,0
16:16:07:370,8.944371,1.1676974,5.032106,0.32481557,0.62765115,0.13676445,106.0,0
16:16:07:405,8.944371,1.1676974,5.032106,0.109900005,0.4261678,-0.046402223,106.0,0
16:16:07:455,7.932207,0.95473623,5.709275,0.109900005,0.4261678,-0.046402223,106.0,0
16:16:07:463,7.396215,1.6606189,6.2811594,0.109900005,0.4261678,-0.046402223,106.0,0
16:16:07:487,7.396215,1.6606189,6.2811594,0.52996224,0.7485411,-0.40052447,106.0,0
16:16:07:537,7.396215,1.6606189,6.2811594,0.5556056,-0.81570226,0.29673,106.0,0
16:16:07:550,6.017949,1.3974084,7.1473613,0.5556056,-0.81570226,0.29673,106.0,0
16:16:07:570,6.017949,1.3974084,7.1473613,-0.07448778,-0.67039,0.47867557,106.0,0
16:16:07:614,6.017949,1.3974084,7.1473613,-0.23079,-0.3614489,-0.064718895,106.0,0
16:16:07:646,9.111869,3.65384,6.463014,-0.23079,-0.3614489,-0.064718895,106.0,0
16:16:07:655,7.0731835,0.863809,6.439086,-0.23079,-0.3614489,-0.064718895,106.0,0
16:16:07:688,7.0731835,0.863809,6.439086,0.11600556,-0.017095556,-0.0048844446,106.0,0
16:16:07:738,7.7886376,1.4093726,5.666204,0.11600556,-0.017095556,-0.0048844446,106.0,0
16:16:07:747,6.422336,2.7996025,5.8839507,0.11600556,-0.017095556,-0.0048844446,106.0,0
16:16:07:766,6.422336,2.7996025,5.8839507,0.44082114,-0.35778558,0.0048844446,106.0,0
16:16:07:822,6.422336,2.7996025,5.8839507,0.2625389,-0.106236674,0.03297,106.0,0
16:16:07:831,7.7072816,2.6392834,5.7762737,0.2625389,-0.106236674,0.03297,106.0,0
16:16:07:845,7.7072816,2.6392834,5.7762737,0.71923447,0.08792,-0.31504667,106.0,0
16:16:07:899,7.7072816,2.6392834,5.7762737,0.6972545,0.32237336,-0.49577114,106.0,0
16:16:07:931,7.9346,0.9236295,5.1062837,0.6972545,0.32237336,-0.49577114,106.0,0
16:16:07:939,7.661818,2.0889342,5.261817,0.6972545,0.32237336,-0.49577114,106.0,0
16:16:07:969,7.661818,2.0889342,5.261817,0.8523356,0.5006556,-0.5092034,106.0,0
16:16:08:020,7.2382884,1.430908,5.56092,0.8523356,0.5006556,-0.5092034,106.0,0
16:16:08:027,6.5371914,4.644469,5.369494,0.8523356,0.5006556,-0.5092034,106.0,0
16:16:08:039,6.5371914,4.644469,5.369494,-0.2942878,0.58491224,-0.13554333,106.0,0
16:16:08:092,6.5371914,4.644469,5.369494,-0.20026223,0.23811668,-0.06105556,106.0,0
16:16:08:116,6.802795,4.23051,6.0394845,-0.20026223,0.23811668,-0.06105556,106.0,0
16:16:08:128,6.802795,4.23051,6.0394845,-0.17095557,0.018316668,-0.06349778,106.0,0
16:16:08:169,6.802795,4.23051,6.0394845,-0.07693,-0.07448778,-0.11356334,106.0,0
16:16:08:210,6.65444,3.6586258,6.283552,-0.07693,-0.07448778,-0.11356334,106.0,0
16:16:08:219,6.3050876,3.050849,6.1184473,-0.07693,-0.07448778,-0.11356334,106.0,0
16:16:08:243,6.3050876,3.050849,6.1184473,0.20026223,-0.12455334,0.018316668,106.0,0
16:16:08:304,6.398408,2.8187451,5.936593,0.20026223,-0.12455334,0.018316668,106.0,0
16:16:08:312,7.1569324,3.546163,5.9700923,0.20026223,-0.12455334,0.018316668,106.0,0
16:16:08:322,7.1569324,3.546163,5.9700923,0.26864445,0.31504667,-0.24178001,106.0,0
16:16:08:379,7.1569324,3.546163,5.9700923,0.29917222,0.34191114,-0.3394689,106.0,0
16:16:08:407,6.9726853,3.8739798,6.0011992,0.29917222,0.34191114,-0.3394689,106.0,0
16:16:08:415,6.9726853,3.8739798,6.0011992,0.2625389,0.37976557,-0.31016225,106.0,0
16:16:08:451,6.9726853,3.8739798,6.0011992,0.2735289,0.19049335,-0.30161446,106.0,0
16:16:08:496,6.216553,4.3501515,6.778867,0.2735289,0.19049335,-0.30161446,106.0,0
16:16:08:504,6.259624,4.1084766,6.2524457,0.2735289,0.19049335,-0.30161446,106.0,0
16:16:08:525,6.259624,4.1084766,6.2524457,0.34679556,0.16607112,-0.23933779,106.0,0
16:16:08:587,6.195018,4.065406,6.0418773,0.34679556,0.16607112,-0.23933779,106.0,0
16:16:08:596,5.4628143,4.668397,5.9748783,0.34679556,0.16607112,-0.23933779,106.0,0
16:16:08:608,5.4628143,4.668397,5.9748783,0.23689556,-0.026864445,-0.058613338,106.0,0
16:16:08:658,5.4628143,4.668397,5.9748783,-0.14409111,-0.40907225,0.3162678,106.0,0
16:16:08:686,5.4412785,4.651647,5.804988,-0.14409111,-0.40907225,0.3162678,106.0,0
16:16:08:695,5.4412785,4.651647,5.804988,-0.3052778,-0.3809867,0.33336335,106.0,0
16:16:08:734,5.4412785,4.651647,5.804988,-0.35168,-0.2515489,0.19171445,106.0,0
16:16:08:775,6.3194447,4.615755,5.704489,-0.35168,-0.2515489,0.19171445,106.0,0
16:16:08:792,6.5371914,4.168297,6.0729837,-0.35168,-0.2515489,0.19171445,106.0,0
16:16:08:811,6.5371914,4.168297,6.0729837,-0.19415668,-0.007326667,0.06349778,106.0,0
16:16:08:871,6.95115,4.290331,6.3290157,-0.19415668,-0.007326667,0.06349778,106.0,0
16:16:08:879,7.2646093,3.6681972,6.3074803,-0.19415668,-0.007326667,0.06349778,106.0,0
16:16:08:886,7.2646093,3.6681972,6.3074803,0.5043189,0.09036223,-0.15141778,106.0,0
16:16:08:940,7.2646093,3.6681972,6.3074803,0.026864445,-0.091583334,0.10501556,106.0,0
16:16:08:964,5.723632,4.7138605,5.7954164,0.026864445,-0.091583334,0.10501556,106.0,0
16:16:08:973,5.723632,4.7138605,5.7954164,-0.047623336,-0.059834447,0.09402556,106.0,0
16:16:09:015,5.723632,4.7138605,5.7954164,-0.009768889,-0.017095556,0.012211111,106.0,0
16:16:09:059,6.350551,4.486542,5.6303115,-0.009768889,-0.017095556,0.012211111,106.0,0
16:16:09:068,6.2979093,4.5248275,5.800202,-0.009768889,-0.017095556,0.012211111,106.0,0
16:16:09:081,6.2979093,4.5248275,5.800202,0.012211111,0.017095556,0.024422223,106.0,0
16:16:09:138,6.2979093,4.5248275,5.800202,0.13554333,0.14409111,-0.10135223,106.0,0
16:16:09:153,6.853044,4.0845485,5.814559,0.13554333,0.14409111,-0.10135223,106.0,0
16:16:09:163,6.853044,4.0845485,5.814559,0.20636779,0.13798556,-0.12577444,106.0,0
16:16:09:213,6.853044,4.0845485,5.814559,0.09768889,-0.08303556,0.106236674,106.0,0
16:16:09:245,6.0490556,4.24726,5.6590257,0.09768889,-0.08303556,0.106236674,106.0,0
16:16:09:256,6.5778694,4.9340005,5.548956,0.09768889,-0.08303556,0.106236674,106.0,0
16:16:09:290,6.5778694,4.9340005,5.548956,-0.051286668,-0.12211112,0.11600556,106.0,0
16:16:09:338,6.530013,4.551149,5.395815,-0.051286668,-0.12211112,0.11600556,106.0,0
16:16:09:348,6.611369,4.5798626,5.5274205,-0.051286668,-0.12211112,0.11600556,106.0,0
16:16:09:367,6.611369,4.5798626,5.5274205,0.026864445,-0.11844778,0.10135223,106.0,0
16:16:09:423,6.611369,4.5798626,5.5274205,0.068382226,0.0,-0.03174889,106.0,0
16:16:09:432,6.975078,4.4554358,5.2642097,0.068382226,0.0,-0.03174889,106.0,0
16:16:09:442,6.975078,4.4554358,5.2642097,-0.04396,-0.04396,0.042738892,106.0,0
16:16:09:497,6.975078,4.4554358,5.2642097,-0.3370267,-0.05006556,0.06594,106.0,0
16:16:09:527,6.9798636,4.718646,5.3718867,-0.3370267,-0.05006556,0.06594,106.0,0
16:16:09:537,6.8721867,4.666004,5.5896335,-0.3370267,-0.05006556,0.06594,106.0,0
16:16:09:571,6.8721867,4.666004,5.5896335,-0.15630223,0.11478445,-0.051286668,106.0,0
16:16:09:623,7.066005,4.4051867,5.9318075,-0.15630223,0.11478445,-0.051286668,106.0,0
16:16:09:631,6.6735826,3.196811,5.804988,-0.15630223,0.11478445,-0.051286668,106.0,0
16:16:09:652,6.6735826,3.196811,5.804988,0.11966889,-0.09646778,0.15752333,106.0,0
16:16:09:707,6.6735826,3.196811,5.804988,-0.081814446,-0.02198,0.10501556,106.0,0
16:16:09:717,6.7022963,4.922036,5.2689953,-0.081814446,-0.02198,0.10501556,106.0,0
16:16:09:728,6.7022963,4.922036,5.2689953,-0.20636779,-0.007326667,0.13432223,106.0,0
16:16:09:780,6.7022963,4.922036,5.2689953,-0.43105224,-0.21491556,0.23567446,106.0,0
16:16:09:813,6.661618,4.0869412,5.0823555,-0.43105224,-0.21491556,0.23567446,106.0,0
16:16:09:822,6.5108705,4.2592244,5.6733823,-0.43105224,-0.21491556,0.23567446,106.0,0
16:16:09:855,6.5108705,4.2592244,5.6733823,-0.28329778,-0.23201112,0.32115224,106.0,0
16:16:09:905,6.728617,3.845266,5.505885,-0.28329778,-0.23201112,0.32115224,106.0,0
16:16:09:913,7.733603,3.3690944,5.474778,-0.28329778,-0.23201112,0.32115224,106.0,0
16:16:09:932,7.733603,3.3690944,5.474778,0.28940335,0.15019667,-0.11478445,106.0,0
16:16:09:986,7.733603,3.3690944,5.474778,0.2759711,0.02075889,0.051286668,106.0,0
16:16:09:998,7.1688967,2.833102,5.5704913,0.2759711,0.02075889,0.051286668,106.0,0
16:16:10:006,7.1688967,2.833102,5.5704913,0.2625389,-0.05617111,0.024422223,106.0,0
16:16:10:051,7.1688967,2.833102,5.5704913,0.33336335,0.15874445,-0.2075889,106.0,0
16:16:10:092,7.2358956,4.5128636,5.312066,0.33336335,0.15874445,-0.2075889,106.0,0
16:16:10:102,7.479964,3.7088752,5.4149575,0.33336335,0.15874445,-0.2075889,106.0,0
16:16:10:129,7.479964,3.7088752,5.4149575,0.36633334,0.21491556,-0.25887558,106.0,0
16:16:10:190,7.3172517,4.0390844,5.501099,0.36633334,0.21491556,-0.25887558,106.0,0
16:16:10:198,5.8743796,4.213761,5.328816,0.36633334,0.21491556,-0.25887558,106.0,0
16:16:10:214,5.8743796,4.213761,5.328816,-0.10135223,-0.12211112,0.14775445,106.0,0
16:16:10:260,5.8743796,4.213761,5.328816,0.26009667,0.22224224,-0.13310112,106.0,0
16:16:10:281,7.489535,3.7567315,5.0823555,0.26009667,0.22224224,-0.13310112,106.0,0
16:16:10:288,7.489535,3.7567315,5.0823555,0.40540892,0.2283478,-0.1856089,106.0,0
16:16:10:338,7.489535,3.7567315,5.0823555,0.32725778,-0.04029667,0.054950003,106.0,0
16:16:10:377,6.7501526,4.369294,5.3096733,0.32725778,-0.04029667,0.054950003,106.0,0
16:16:10:390,6.4366927,5.1876397,4.816752,0.32725778,-0.04029667,0.054950003,106.0,0
16:16:10:410,6.4366927,5.1876397,4.816752,-0.17584,-0.07326667,0.14531223,106.0,0
16:16:10:471,6.8195443,5.0799623,4.8598228,-0.17584,-0.07326667,0.14531223,106.0,0
16:16:10:478,7.396215,4.493721,5.0105705,-0.17584,-0.07326667,0.14531223,106.0,0
16:16:10:484,7.396215,4.493721,5.0105705,0.30405667,0.07570889,-0.10867889,106.0,0
16:16:10:543,7.396215,4.493721,5.0105705,0.26986557,-0.0036633336,-0.018316668,106.0,0
16:16:10:568,6.798009,4.2759743,5.5968122,0.26986557,-0.0036633336,-0.018316668,106.0,0
16:16:10:578,6.798009,4.2759743,5.5968122,0.14042778,-0.09402556,0.13676445,106.0,0
16:16:10:620,6.798009,4.2759743,5.5968122,-0.16240779,0.028085556,0.06105556,106.0,0
16:16:10:658,6.8219376,4.4004006,4.5272202,-0.16240779,0.028085556,0.06105556,106.0,0
16:16:10:669,7.1617184,5.072784,5.1493545,-0.16240779,0.028085556,0.06105556,106.0,0
16:16:10:694,7.1617184,5.072784,5.1493545,0.15141778,0.089141116,-0.06594,106.0,0
16:16:10:751,7.2119675,4.924429,5.4388857,0.15141778,0.089141116,-0.06594,106.0,0
16:16:10:760,6.9894347,4.7042894,5.453243,0.15141778,0.089141116,-0.06594,106.0,0
16:16:10:771,6.9894347,4.7042894,5.453243,0.058613338,-0.024422223,0.0048844446,106.0,0
16:16:10:825,6.9894347,4.7042894,5.453243,-0.058613338,-0.013432222,0.08669889,106.0,0
16:16:10:853,6.8602223,4.0677986,5.0512486,-0.058613338,-0.013432222,0.08669889,106.0,0
16:16:10:867,6.8602223,4.0677986,5.0512486,-0.08792,0.06227667,0.019537779,106.0,0
16:16:10:900,6.8602223,4.0677986,5.0512486,0.1965989,0.12943779,-0.057392225,106.0,0
16:16:10:942,7.042077,3.885944,5.06082,0.1965989,0.12943779,-0.057392225,106.0,0
16:16:10:952,6.6927247,4.5415773,4.9316072,0.1965989,0.12943779,-0.057392225,106.0,0
16:16:10:976,6.6927247,4.5415773,4.9316072,0.18072446,0.11966889,-0.07570889,106.0,0
16:16:11:022,6.6927247,4.5415773,4.9316072,0.13920668,0.09768889,-0.06105556,106.0,0
16:16:11:039,6.884151,4.962714,5.087141,0.13920668,0.09768889,-0.06105556,106.0,0
16:16:11:049,6.884151,4.962714,5.087141,0.06716111,0.042738892,0.047623336,106.0,0
16:16:11:100,6.884151,4.962714,5.087141,0.01099,0.06349778,0.015874445,106.0,0
16:16:11:130,6.853044,5.048856,5.0344987,0.01099,0.06349778,0.015874445,106.0,0
16:16:11:139,6.5946193,4.723432,5.0919266,0.01099,0.06349778,0.015874445,106.0,0
16:16:11:173,6.5946193,4.723432,5.0919266,0.14531223,0.11600556,-0.10379445,106.0,0
16:16:11:223,6.431907,5.0344987,5.0440702,0.14531223,0.11600556,-0.10379445,106.0,0
16:16:11:232,5.8600225,5.4676,4.912465,0.14531223,0.11600556,-0.10379445,106.0,0
16:16:11:249,5.8600225,5.4676,4.912465,0.102573335,-0.029306669,0.0,106.0,0
16:16:11:306,5.8600225,5.4676,4.912465,0.13432223,0.029306669,-0.13554333,106.0,0
16:16:11:323,6.3218374,5.922236,4.723432,0.13432223,0.029306669,-0.13554333,106.0,0
16:16:11:331,6.3218374,5.922236,4.723432,0.09524667,0.10501556,-0.10501556,106.0,0
16:16:11:380,6.3218374,5.922236,4.723432,0.026864445,0.06105556,-0.06716111,106.0,0
16:16:11:412,6.5084777,5.584848,5.1421757,0.026864445,0.06105556,-0.06716111,106.0,0
16:16:11:422,6.309873,5.501099,5.0440702,0.026864445,0.06105556,-0.06716111,106.0,0
16:16:11:458,6.309873,5.501099,5.0440702,-0.024422223,0.023201112,0.04151778,106.0,0
16:16:11:508,6.235696,5.4317074,5.1852465,-0.024422223,0.023201112,0.04151778,106.0,0
16:16:11:517,6.068198,5.2905307,4.9292145,-0.024422223,0.023201112,0.04151778,106.0,0
16:16:11:532,6.068198,5.2905307,4.9292145,-0.036633335,0.0012211112,0.058613338,106.0,0
16:16:11:590,6.068198,5.2905307,4.9292145,-0.29917222,0.0048844446,0.15752333,106.0,0
16:16:11:601,6.2931237,5.3144593,4.8693943,-0.29917222,0.0048844446,0.15752333,106.0,0
16:16:11:614,6.2931237,5.3144593,4.8693943,-0.21125223,0.037854444,0.051286668,106.0,0
16:16:11:662,6.2931237,5.3144593,4.8693943,-0.20148334,0.1306589,0.0036633336,106.0,0
16:16:11:693,6.862615,5.24746,5.0799623,-0.20148334,0.1306589,0.0036633336,106.0,0
16:16:11:704,6.3361945,4.895715,5.503492,-0.20148334,0.1306589,0.0036633336,106.0,0
16:16:11:738,6.3361945,4.895715,5.503492,-0.04151778,-0.09036223,0.08669889,106.0,0
16:16:11:788,5.9174504,5.156533,5.568098,-0.04151778,-0.09036223,0.08669889,106.0,0
16:16:11:796,6.2691956,5.0368915,5.319245,-0.04151778,-0.09036223,0.08669889,106.0,0
16:16:11:817,6.2691956,5.0368915,5.319245,0.2613178,0.0048844446,-0.12455334,106.0,0
16:16:11:874,6.2691956,5.0368915,5.319245,0.14042778,0.15386,-0.16607112,106.0,0
16:16:11:884,6.257231,5.2283173,4.7784667,0.14042778,0.15386,-0.16607112,106.0,0
16:16:11:902,6.257231,5.2283173,4.7784667,0.17095557,-0.0061055557,-0.05617111,106.0,0
16:16:11:945,6.257231,5.2283173,4.7784667,-0.16240779,0.15996556,-0.064718895,106.0,0
16:16:11:978,5.8097734,5.419743,4.996214,-0.16240779,0.15996556,-0.064718895,106.0,0
16:16:11:987,6.690332,5.410172,4.9435716,-0.16240779,0.15996556,-0.064718895,106.0,0
16:16:12:015,6.690332,5.410172,4.9435716,-0.16240779,0.15996556,-0.064718895,107.0,0
16:16:12:071,6.498906,5.4173503,5.070391,-0.16240779,0.15996556,-0.064718895,107.0,0
16:16:12:079,6.300302,5.070391,5.9246287,-0.16240779,0.15996556,-0.064718895,107.0,0
16:16:12:092,6.300302,5.070391,5.9246287,0.37366003,0.28085557,-0.3809867,107.0,0
16:16:12:144,6.300302,5.070391,5.9246287,0.63009334,0.37488112,0.024422223,107.0,0
16:16:12:167,6.35773,4.8215375,6.195018,0.63009334,0.37488112,0.024422223,107.0,0
16:16:12:175,6.35773,4.8215375,6.195018,0.3858711,0.5507211,-0.08059334,107.0,0
16:16:12:218,6.35773,4.8215375,6.195018,-0.44448447,0.74121445,-0.80104893,107.0,0
16:16:12:261,5.8887367,7.881958,5.5633125,-0.44448447,0.74121445,-0.80104893,107.0,0
16:16:12:268,6.3074803,6.1232333,6.1304116,-0.44448447,0.74121445,-0.80104893,107.0,0
16:16:12:294,6.3074803,6.1232333,6.1304116,-0.8327978,0.35412225,-0.31871,107.0,0
16:16:12:356,6.652047,6.6975107,6.0777693,-0.8327978,0.35412225,-0.31871,107.0,0
16:16:12:364,4.831109,1.9549361,5.383851,-0.8327978,0.35412225,-0.31871,107.0,0
16:16:12:380,4.831109,1.9549361,5.383851,-1.2259957,-0.39197668,0.85111445,107.0,0
16:16:12:425,4.831109,1.9549361,5.383851,0.8987378,-0.8120389,0.95613,107.0,0
16:16:12:457,5.54417,0.35653058,5.1924253,0.8987378,-0.8120389,0.95613,107.0,0
16:16:12:468,5.54417,0.35653058,5.1924253,1.5776756,-0.72534,0.39686114,107.0,0
16:16:12:503,5.54417,0.35653058,5.1924253,0.87065226,0.5519422,-0.36633334,107.0,0
16:16:12:541,6.5659056,1.7730815,7.2957163,0.87065226,0.5519422,-0.36633334,107.0,0
16:16:12:551,4.520042,13.473985,7.34118,0.87065226,0.5519422,-0.36633334,107.0,0
16:16:12:576,4.520042,13.473985,7.34118,-0.34435335,0.13310112,-0.08059334,107.0,0
16:16:12:635,4.9722853,8.523234,6.74776,-0.34435335,0.13310112,-0.08059334,107.0,0
16:16:12:643,6.1208405,2.1894326,5.692525,-0.34435335,0.13310112,-0.08059334,107.0,0
16:16:12:654,6.1208405,2.1894326,5.692525,0.5092034,-0.14531223,0.10745778,107.0,0
16:16:12:710,6.1208405,2.1894326,5.692525,0.49699223,0.117226675,0.0,107.0,0
16:16:12:733,5.3096733,4.6636114,6.1806607,0.49699223,0.117226675,0.0,107.0,0
16:16:12:755,5.3096733,4.6636114,6.1806607,0.37488112,0.20392556,-0.08669889,107.0,0
16:16:12:785,5.3096733,4.6636114,6.1806607,0.34801668,0.07448778,-0.017095556,107.0,0
16:16:12:824,5.209175,5.285745,5.2283173,0.34801668,0.07448778,-0.017095556,107.0,0
16:16:12:835,5.692525,5.5393844,5.558527,0.34801668,0.07448778,-0.017095556,107.0,0
16:16:12:863,5.692525,5.5393844,5.558527,-0.012211111,-0.18194556,0.019537779,107.0,0
16:16:12:921,5.613562,5.9342003,5.6374903,-0.012211111,-0.18194556,0.019537779,107.0,0
16:16:12:930,6.6759753,7.9657063,6.4965134,-0.012211111,-0.18194556,0.019537779,107.0,0
16:16:12:940,6.6759753,7.9657063,6.4965134,1.5740123,0.7131289,-0.78029,107.0,0
16:16:12:990,6.6759753,7.9657063,6.4965134,3.1785524,0.23933779,-0.54339445,107.0,0
16:16:13:016,4.0869412,5.424529,5.6781683,3.1785524,0.23933779,-0.54339445,107.0,0
16:16:13:025,4.0869412,5.424529,5.6781683,2.21998,0.34191114,-0.5519422,107.0,0
16:16:13:062,4.0869412,5.424529,5.6781683,2.21998,0.34191114,-0.5519422,107.0,0
16:16:13:107,3.9218364,9.430114,3.481557,2.21998,0.34191114,-0.5519422,107.0,0
16:16:13:114,3.5150564,7.891529,2.4071796,2.21998,0.34191114,-0.5519422,107.0,0
16:16:13:132,3.5150564,7.891529,2.4071796,3.613268,0.4249467,-1.1661612,107.0,0
16:16:13:189,3.5150564,7.891529,2.4071796,3.1126122,0.09768889,-0.75098336,107.0,0
16:16:13:203,4.1611185,8.023134,1.2035898,3.1126122,0.09768889,-0.75098336,107.0,0
16:16:13:227,4.1611185,8.023134,1.2035898,2.5899768,-0.20148334,-0.5702589,107.0,0
16:16:13:264,4.1611185,8.023134,1.2035898,2.0893211,-0.63619894,-0.11234222,107.0,0
16:16:13:294,3.0939198,9.413364,-0.13399807,2.0893211,-0.63619894,-0.11234222,107.0,0
16:16:13:302,3.1657043,8.379665,-1.5314065,2.0893211,-0.63619894,-0.11234222,107.0,0
16:16:13:340,3.1657043,8.379665,-1.5314065,0.43349445,-0.21247335,0.13920668,107.0,0
16:16:13:392,3.7328033,8.863015,-1.875973,0.43349445,-0.21247335,0.13920668,107.0,0
16:16:13:400,2.4311078,8.863015,-2.0817556,0.43349445,-0.21247335,0.13920668,107.0,0
16:16:13:414,2.4311078,8.863015,-2.0817556,-0.0024422223,-0.15508112,0.18194556,107.0,0
16:16:13:474,2.4311078,8.863015,-2.0817556,0.15874445,-0.26986557,0.081814446,107.0,0
16:16:13:484,2.4143581,8.769695,-2.5268207,0.15874445,-0.26986557,0.081814446,107.0,0
16:16:13:495,2.4143581,8.769695,-2.5268207,0.41151446,-0.12455334,0.07937223,107.0,0
16:16:13:549,2.4143581,8.769695,-2.5268207,0.26376,-0.05617111,0.16118668,107.0,0
16:16:13:578,3.3140593,8.539984,-2.9982069,0.26376,-0.05617111,0.16118668,107.0,0
16:16:13:589,3.5796626,8.834301,-2.9623144,0.26376,-0.05617111,0.16118668,107.0,0
16:16:13:622,3.5796626,8.834301,-2.9623144,-0.29184556,-0.16118668,0.24055889,107.0,0
16:16:13:673,3.6275191,8.712267,-2.7014968,-0.29184556,-0.16118668,0.24055889,107.0,0
16:16:13:681,3.7280176,8.609376,-2.9240294,-0.29184556,-0.16118668,0.24055889,107.0,0
16:16:13:699,3.7280176,8.609376,-2.9240294,-0.64963114,0.017095556,0.32725778,107.0,0
16:16:13:757,3.7280176,8.609376,-2.9240294,-0.49455002,-0.04151778,0.04029667,107.0,0
16:16:13:767,2.6991038,9.193225,-2.1774685,-0.49455002,-0.04151778,0.04029667,107.0,0
16:16:13:774,2.6991038,9.193225,-2.1774685,-0.55316335,-0.11478445,0.085477784,107.0,0
16:16:13:830,2.6991038,9.193225,-2.1774685,-0.14164889,0.15752333,0.19049335,107.0,0
16:16:13:866,3.4719856,9.74836,-2.6871397,-0.14164889,0.15752333,0.19049335,107.0,0
16:16:13:876,2.5914268,8.913264,-1.942972,-0.14164889,0.15752333,0.19049335,107.0,0
16:16:13:905,2.5914268,8.913264,-1.942972,-0.96223557,-0.3858711,0.02075889,107.0,0
16:16:13:954,1.9381863,9.97807,-2.2420747,-0.96223557,-0.3858711,0.02075889,107.0,0
16:16:13:961,3.0604203,8.477771,-1.8305093,-0.96223557,-0.3858711,0.02075889,107.0,0
16:16:13:984,3.0604203,8.477771,-1.8305093,-0.54095227,-0.21613668,-0.059834447,107.0,0
16:16:14:029,3.0604203,8.477771,-1.8305093,-0.26498112,-0.2075889,0.02198,107.0,0
16:16:14:050,3.3116665,8.193025,-2.143969,-0.26498112,-0.2075889,0.02198,107.0,0
16:16:14:059,3.3116665,8.193025,-2.143969,-0.26620224,-0.24544334,0.15874445,107.0,0
16:16:14:102,3.3116665,8.193025,-2.143969,-0.13920668,-0.08669889,0.085477784,107.0,0
16:16:14:145,2.900101,8.903693,-2.115255,-0.13920668,-0.08669889,0.085477784,107.0,0
16:16:14:154,2.2157538,9.286545,-2.0817556,-0.13920668,-0.08669889,0.085477784,107.0,0
16:16:14:180,2.2157538,9.286545,-2.0817556,0.18072446,-0.091583334,-0.29917222,107.0,0
16:16:14:240,2.4263222,8.752945,-1.7036897,0.18072446,-0.091583334,-0.29917222,107.0,0
16:16:14:247,2.201397,9.066405,-1.8711873,0.18072446,-0.091583334,-0.29917222,107.0,0
16:16:14:255,2.201397,9.066405,-1.8711873,0.23933779,0.037854444,-0.2185789,107.0,0
16:16:14:311,2.201397,9.066405,-1.8711873,0.1306589,0.04396,-0.04151778,107.0,0
16:16:14:331,2.5579274,8.977871,-1.6127625,0.1306589,0.04396,-0.04151778,107.0,0
16:16:14:340,2.5579274,8.977871,-1.6127625,-0.06227667,0.026864445,0.02198,107.0,0
16:16:14:388,2.5579274,8.977871,-1.6127625,-0.2845189,0.15874445,-0.34557447,107.0,0
16:16:14:427,2.1511476,9.513863,-1.4691931,-0.2845189,0.15874445,-0.34557447,107.0,0
16:16:14:435,1.8831514,9.523434,-2.5004997,-0.2845189,0.15874445,-0.34557447,107.0,0
16:16:14:460,1.8831514,9.523434,-2.5004997,-0.09402556,0.23811668,-0.2503278,107.0,0
16:16:14:519,1.8879371,8.396415,-2.469393,-0.09402556,0.23811668,-0.2503278,107.0,0
16:16:14:534,2.6656044,9.193225,-2.4741786,-0.09402556,0.23811668,-0.2503278,107.0,0
16:16:14:542,2.6656044,9.193225,-2.4741786,-0.5006556,0.08303556,0.25521225,107.0,0
16:16:14:593,2.6656044,9.193225,-2.4741786,-0.109900005,0.16729222,0.12943779,107.0,0
16:16:14:615,1.7706888,9.303294,-2.3306093,-0.109900005,0.16729222,0.12943779,107.0,0
16:16:14:626,1.7706888,9.303294,-2.3306093,-0.029306669,0.11356334,0.01099,107.0,0
16:16:14:669,1.7706888,9.303294,-2.3306093,-0.41762,-0.17339778,0.12089001,107.0,0
16:16:14:712,1.5672989,9.466006,-1.3016955,-0.41762,-0.17339778,0.12089001,107.0,0
16:16:14:719,2.1463618,10.329815,-2.1678972,-0.41762,-0.17339778,0.12089001,107.0,0
16:16:14:743,2.1463618,10.329815,-2.1678972,0.50676113,-0.11234222,0.07937223,107.0,0
16:16:14:803,2.6416762,9.887143,-2.210968,0.50676113,-0.11234222,0.07937223,107.0,0
16:16:14:812,2.0315065,9.839287,-1.1150553,0.50676113,-0.11234222,0.07937223,107.0,0
16:16:14:822,2.0315065,9.839287,-1.1150553,-0.2955089,-0.4273889,0.30405667,107.0,0
16:16:14:876,2.0315065,9.839287,-1.1150553,-0.32481557,-0.3724389,0.14897557,107.0,0
16:16:14:899,2.1463618,9.671789,-0.51206404,-0.32481557,-0.3724389,0.14897557,107.0,0
16:16:14:907,2.1463618,9.671789,-0.51206404,-0.35900667,-0.35900667,0.19171445,107.0,0
16:16:14:950,2.1463618,9.671789,-0.51206404,-0.3394689,-0.33580557,0.23689556,107.0,0
16:16:14:992,3.0269206,9.506684,-1.308874,-0.3394689,-0.33580557,0.23689556,107.0,0
16:16:15:003,2.7900312,9.336794,-2.3808584,-0.3394689,-0.33580557,0.23689556,107.0,0
16:16:15:019,2.7900312,9.336794,-2.3808584,0.17706113,0.068382226,-0.1306589,107.0,0
16:16:15:072,2.7900312,9.336794,-2.3808584,0.7522045,0.3602278,-0.29795113,107.0,0
16:16:15:087,2.4430718,9.327223,-1.5002998,0.7522045,0.3602278,-0.29795113,107.0,0
16:16:15:098,2.4430718,9.327223,-1.5002998,0.9683412,0.38465002,-0.36999667,107.0,0
16:16:15:149,2.4430718,9.327223,-1.5002998,0.40174556,0.017095556,-0.27841336,107.0,0
16:16:15:182,2.0673988,9.391829,-0.80159557,0.40174556,0.017095556,-0.27841336,107.0,0
16:16:15:190,2.4789643,9.29133,-1.8687944,0.40174556,0.017095556,-0.27841336,107.0,0
16:16:15:227,2.4789643,9.29133,-1.8687944,0.11234222,0.11844778,-0.4261678,107.0,0
16:16:15:278,2.4933212,9.79143,-2.213361,0.11234222,0.11844778,-0.4261678,107.0,0
16:16:15:287,2.1296122,9.437292,-2.6201408,0.11234222,0.11844778,-0.4261678,107.0,0
16:16:15:298,2.1296122,9.437292,-2.6201408,0.4383789,0.34557447,-0.44082114,107.0,0
16:16:15:355,2.1296122,9.437292,-2.6201408,0.46524334,0.17828223,-0.7900589,107.0,0
16:16:15:372,1.0313065,10.482956,-2.3306093,0.46524334,0.17828223,-0.7900589,107.0,0
16:16:15:396,1.0313065,10.482956,-2.3306093,0.52752,0.40052447,-0.8779789,107.0,0
16:16:15:431,1.0313065,10.482956,-2.3306093,-0.7815111,0.9170545,-0.9829945,107.0,0
16:16:15:463,1.5529419,9.877572,-2.9862428,-0.7815111,0.9170545,-0.9829945,107.0,0
16:16:15:476,1.268196,9.128618,-0.70588267,-0.7815111,0.9170545,-0.9829945,107.0,0
16:16:15:507,1.268196,9.128618,-0.70588267,-0.20270446,0.23689556,-0.59468114,107.0,0
16:16:15:559,0.83030945,7.798209,-0.634098,-0.20270446,0.23689556,-0.59468114,107.0,0
16:16:15:566,1.2394822,10.246066,-2.5196424,-0.20270446,0.23689556,-0.59468114,107.0,0
16:16:15:581,1.2394822,10.246066,-2.5196424,-0.59956557,0.23933779,-0.47257003,107.0,0
16:16:15:639,1.2394822,10.246066,-2.5196424,-0.51164556,0.20514667,-0.5592689,107.0,0
16:16:15:650,0.27756742,9.107083,-2.6129622,-0.51164556,0.20514667,-0.5592689,107.0,0
16:16:15:657,0.27756742,9.107083,-2.6129622,-0.47379112,0.28940335,-0.5690378,107.0,0
16:16:15:716,0.27756742,9.107083,-2.6129622,-0.41273558,0.35168,-0.5128667,107.0,0
16:16:15:745,0.38763726,8.784052,-1.942972,-0.41273558,0.35168,-0.5128667,107.0,0
16:16:15:756,0.08853444,8.985049,-1.7395821,-0.41273558,0.35168,-0.5128667,107.0,0
16:16:15:789,0.08853444,8.985049,-1.7395821,-0.5641534,0.34557447,-0.26009667,107.0,0
16:16:15:840,-0.15314065,8.9348,-1.8592232,-0.5641534,0.34557447,-0.26009667,107.0,0
16:16:15:848,-0.21535404,9.238688,-2.115255,-0.5641534,0.34557447,-0.26009667,107.0,0
16:16:15:867,-0.21535404,9.238688,-2.115255,-0.02198,-0.034191113,-0.14409111,107.0,0
16:16:15:921,-0.21535404,9.238688,-2.115255,0.09280445,-0.24178001,-0.23323223,107.0,0
16:16:15:932,-1.174876,10.076176,-1.727618,0.09280445,-0.24178001,-0.23323223,107.0,0
16:16:15:946,-1.174876,10.076176,-1.727618,0.04151778,-0.30283555,-0.26376,107.0,0
16:16:15:996,-1.174876,10.076176,-1.727618,-0.12455334,-0.37610224,-0.3162678,107.0,0
16:16:16:031,-0.7728817,10.140782,-1.3304094,-0.12455334,-0.37610224,-0.3162678,107.0,0
16:16:16:040,-0.8207382,10.078569,-0.5168497,-0.12455334,-0.37610224,-0.3162678,107.0,0
16:16:16:065,-0.8207382,10.078569,-0.5168497,-1.1563922,-0.50676113,-0.17828223,107.0,0
16:16:16:120,-1.6749759,12.19861,-0.22013968,-1.1563922,-0.50676113,-0.17828223,107.0,0
16:16:16:128,-0.8853444,9.169296,0.45224348,-1.1563922,-0.50676113,-0.17828223,107.0,0
16:16:16:139,-0.8853444,9.169296,0.45224348,-0.72900337,-0.28818223,-0.23201112,107.0,0
16:16:16:193,-0.8853444,9.169296,0.45224348,-0.9866578,-0.13188,-0.17217667,107.0,0
16:16:16:216,-0.46899325,10.188639,0.91166544,-0.9866578,-0.13188,-0.17217667,107.0,0
16:16:16:226,-0.46899325,10.188639,0.91166544,-0.80104893,-0.123332225,-0.41151446,107.0,0
16:16:16:268,-0.46899325,10.188639,0.91166544,-0.5507211,-0.106236674,-0.13432223,107.0,0
16:16:16:313,-1.2107682,8.750552,1.7108682,-0.5507211,-0.106236674,-0.13432223,107.0,0
16:16:16:320,-0.8542377,9.006584,2.3042881,-0.5507211,-0.106236674,-0.13432223,107.0,0
16:16:16:347,-0.8542377,9.006584,2.3042881,0.13310112,-0.34069002,-0.24300112,107.0,0
16:16:16:404,-1.3351951,8.712267,2.469393,0.13310112,-0.34069002,-0.24300112,107.0,0
16:16:16:412,-1.4739788,9.2075815,2.9048867,0.13310112,-0.34069002,-0.24300112,107.0,0
16:16:16:433,-1.4739788,9.2075815,2.9048867,-0.13432223,0.051286668,-0.28329778,107.0,0
16:16:16:481,-1.4739788,9.2075815,2.9048867,-0.22468445,-0.06105556,0.064718895,107.0,0
16:16:16:503,-1.8329022,8.673982,2.9240294,-0.22468445,-0.06105556,0.064718895,107.0,0
16:16:16:513,-1.8329022,8.673982,2.9240294,-0.2295689,0.06105556,-0.013432222,107.0,0
16:16:16:551,-1.8329022,8.673982,2.9240294,-0.10013112,0.019537779,0.0024422223,107.0,0
16:16:16:593,-0.6963114,9.346365,3.35713,-0.10013112,0.019537779,0.0024422223,107.0,0
16:16:16:601,-0.997807,9.276974,3.548556,-0.10013112,0.019537779,0.0024422223,107.0,0
16:16:16:627,-0.997807,9.276974,3.548556,0.66306335,0.32359445,-0.19293556,107.0,0
16:16:16:689,-1.052842,8.743374,3.8739798,0.66306335,0.32359445,-0.19293556,107.0,0
16:16:16:696,-1.7826529,9.188439,3.7830527,0.66306335,0.32359445,-0.19293556,107.0,0
16:16:16:705,-1.7826529,9.188439,3.7830527,-0.3052778,-0.09646778,-0.06349778,107.0,0
16:16:16:761,-1.7826529,9.188439,3.7830527,-0.66306335,0.2869611,0.12089001,107.0,0
16:16:16:782,-0.4139583,9.12144,3.1657043,-0.66306335,0.2869611,0.12089001,107.0,0
16:16:16:793,-0.4139583,9.12144,3.1657043,-0.45181113,0.08792,0.15141778,107.0,0
16:16:16:834,-0.4139583,9.12144,3.1657043,-0.33458444,0.11112112,0.1306589,107.0,0
16:16:16:877,-0.6891329,8.867801,2.9048867,-0.33458444,0.11112112,0.1306589,107.0,0
16:16:16:887,-1.2418749,8.913264,3.1393833,-0.33458444,0.11112112,0.1306589,107.0,0
16:16:16:908,-1.2418749,8.913264,3.1393833,-0.25399113,-0.059834447,0.19171445,107.0,0
16:17:41:468,8.025527,2.7158537,5.15414,0.106236674,-0.05006556,0.29184556,106.0,0
16:17:41:478,8.025527,2.7158537,5.15414,0.29062447,0.07204556,0.20026223,106.0,0
16:17:41:532,8.025527,2.7158537,5.15414,0.2185789,-0.013432222,0.089141116,106.0,0
16:17:41:562,8.283952,2.2420747,4.706682,0.2185789,-0.013432222,0.089141116,106.0,0
16:17:41:574,8.183454,2.8378878,5.3910294,0.2185789,-0.013432222,0.089141116,106.0,0
16:17:41:606,8.183454,2.8378878,5.3910294,0.60445005,0.10379445,-0.21369445,106.0,0
16:17:41:658,8.523234,2.725425,5.477171,0.60445005,0.10379445,-0.21369445,106.0,0
16:17:41:666,8.683554,4.0151563,5.276174,0.60445005,0.10379445,-0.21369445,106.0,0
16:17:41:683,8.683554,4.0151563,5.276174,0.9194967,0.54339445,-0.8621045,106.0,0
16:17:41:740,8.683554,4.0151563,5.276174,0.30405667,0.5360678,-0.87920004,106.0,0
16:17:41:749,6.9966135,5.2833524,5.4699926,0.30405667,0.5360678,-0.87920004,106.0,0
16:17:41:758,6.9966135,5.2833524,5.4699926,-0.28818223,0.41151446,-0.63742,106.0,0
16:17:41:812,6.9966135,5.2833524,5.4699926,-1.0904523,0.2075889,-0.012211111,106.0,0
16:17:41:848,5.4412785,5.352744,4.5487556,-1.0904523,0.2075889,-0.012211111,106.0,0
16:17:41:857,4.6396832,3.0029924,4.668397,-1.0904523,0.2075889,-0.012211111,106.0,0
16:17:41:888,4.6396832,3.0029924,4.668397,-0.87065226,-0.6679478,0.6459678,106.0,0
16:17:41:940,4.4674,2.8905299,4.7880383,-0.87065226,-0.6679478,0.6459678,106.0,0
16:17:41:948,6.0514483,2.2181466,5.709275,-0.87065226,-0.6679478,0.6459678,106.0,0
16:17:41:956,6.0514483,2.2181466,5.709275,-0.59956557,-0.15386,0.36755446,106.0,0
16:17:42:013,6.0514483,2.2181466,5.709275,-0.29062447,-0.42128336,0.5030978,106.0,0
16:17:42:035,7.752745,2.0554347,5.814559,-0.29062447,-0.42128336,0.5030978,106.0,0
16:17:42:041,7.752745,2.0554347,5.814559,-0.21369445,-0.29306668,0.5287411,106.0,0
16:17:42:088,7.752745,2.0554347,5.814559,0.10745778,-0.29062447,0.3944189,106.0,0
16:17:42:127,8.288737,1.3998013,5.3072805,0.10745778,-0.29062447,0.3944189,106.0,0
16:17:42:136,8.523234,0.99302137,5.0273204,0.10745778,-0.29062447,0.3944189,106.0,0
16:17:42:164,8.523234,0.99302137,5.0273204,0.34801668,-0.32481557,0.43105224,106.0,0
16:17:42:221,8.243274,0.7704889,5.0249276,0.34801668,-0.32481557,0.43105224,106.0,0
16:17:42:229,8.4012,1.1222339,4.955536,0.34801668,-0.32481557,0.43105224,106.0,0
16:17:42:240,8.4012,1.1222339,4.955536,0.09524667,-0.22468445,0.32725778,106.0,0
16:17:42:297,8.4012,1.1222339,4.955536,-0.11966889,-0.2759711,0.29306668,106.0,0
16:17:42:316,7.8460655,1.564906,4.8287163,-0.11966889,-0.2759711,0.29306668,106.0,0
16:17:42:332,7.8460655,1.564906,4.8287163,-0.20148334,-0.21247335,0.24055889,106.0,0
16:17:42:372,7.8460655,1.564906,4.8287163,-0.40174556,-0.2613178,0.07448778,106.0,0
16:17:42:409,8.123632,0.7465607,4.4195433,-0.40174556,-0.2613178,0.07448778,106.0,0
16:17:42:419,8.477771,-0.02871387,4.321438,-0.40174556,-0.2613178,0.07448778,106.0,0
16:17:42:444,8.477771,-0.02871387,4.321438,0.34313223,-0.08792,-0.013432222,106.0,0
16:17:42:503,8.3174515,-0.0741775,4.0510488,0.34313223,-0.08792,-0.013432222,106.0,0
16:17:42:512,8.693125,0.8422736,3.8261235,0.34313223,-0.08792,-0.013432222,106.0,0
16:17:42:526,8.693125,0.8422736,3.8261235,0.102573335,-0.045181114,-0.1526389,106.0,0
16:17:42:576,8.693125,0.8422736,3.8261235,0.27719223,0.21003112,-0.4359367,106.0,0
16:17:42:600,10.169497,1.727618,4.2161536,0.27719223,0.21003112,-0.4359367,106.0,0
16:17:42:612,10.169497,1.727618,4.2161536,0.36877558,0.3712178,-0.4689067,106.0,0
16:17:42:656,10.169497,1.727618,4.2161536,0.5140878,0.5470578,-0.7424356,106.0,0
16:17:42:706,9.482756,1.4883357,4.4195433,0.5140878,0.5470578,-0.7424356,106.0,0
16:17:42:714,8.386844,2.6799614,5.2929235,0.5140878,0.5470578,-0.7424356,106.0,0
16:17:42:726,8.386844,2.6799614,5.2929235,0.28329778,0.27230778,-0.4481478,106.0,0
16:17:42:785,8.360522,3.1896327,5.723632,0.28329778,0.27230778,-0.4481478,106.0,0
16:17:42:792,10.040284,3.9720855,7.166504,0.28329778,0.27230778,-0.4481478,106.0,0
16:17:42:814,10.040284,3.9720855,7.166504,-0.57148004,0.0048844446,0.11112112,106.0,0
16:17:42:849,10.040284,3.9720855,7.166504,-0.47257003,-0.09036223,0.12821667,106.0,0
16:17:42:883,9.937392,2.5603201,5.4317074,-0.47257003,-0.09036223,0.12821667,106.0,0
16:17:42:892,8.250452,0.55752766,4.314259,-0.47257003,-0.09036223,0.12821667,106.0,0
16:17:42:924,8.250452,0.55752766,4.314259,0.60811335,0.13554333,-0.21735778,106.0,0
16:17:42:974,7.5900335,0.80877405,4.4841495,0.60811335,0.13554333,-0.21735778,106.0,0
16:17:42:982,6.300302,2.5722845,4.8287163,0.60811335,0.13554333,-0.21735778,106.0,0
16:17:43:003,6.300302,2.5722845,4.8287163,0.10013112,0.36511225,-0.21491556,106.0,0
16:17:43:060,6.300302,2.5722845,4.8287163,-0.5287411,0.5287411,-0.106236674,106.0,0
16:17:43:069,5.6327047,2.9216363,3.5772698,-0.5287411,0.5287411,-0.106236674,106.0,0
16:17:43:082,5.6327047,2.9216363,3.5772698,-0.69481224,0.39930335,0.017095556,106.0,0
16:17:43:133,5.6327047,2.9216363,3.5772698,-0.32237336,-0.4371578,0.19293556,106.0,0
16:17:43:166,5.2689953,1.0552348,4.208975,-0.32237336,-0.4371578,0.19293556,106.0,0
16:17:43:174,7.587641,0.08135597,4.3740797,-0.32237336,-0.4371578,0.19293556,106.0,0
16:17:43:209,7.587641,0.08135597,4.3740797,0.59590226,0.37732336,-0.028085556,106.0,0
16:17:43:258,8.047063,0.715454,4.5224347,0.59590226,0.37732336,-0.028085556,106.0,0
16:17:43:267,7.692925,2.5387847,5.3072805,0.59590226,0.37732336,-0.028085556,106.0,0
16:17:43:285,7.692925,2.5387847,5.3072805,-0.21980001,0.48844448,0.048844445,106.0,0
16:17:43:341,7.692925,2.5387847,5.3072805,-0.4908867,0.059834447,0.25277,106.0,0
16:17:43:350,7.2646093,2.2779672,5.9581285,-0.4908867,0.059834447,0.25277,106.0,0
16:17:43:366,7.2646093,2.2779672,5.9581285,-0.39564002,0.037854444,0.31993112,106.0,0
16:17:43:414,7.2646093,2.2779672,5.9581285,-0.41884112,0.14531223,0.3370267,106.0,0
16:17:43:445,7.597212,0.27038896,5.3144593,-0.41884112,0.14531223,0.3370267,106.0,0
16:17:43:453,6.113662,-0.086141616,4.4171505,-0.41884112,0.14531223,0.3370267,106.0,0
16:17:43:491,6.113662,-0.086141616,4.4171505,-0.21003112,-0.53851,0.4933289,106.0,0
16:17:43:542,5.960521,-0.17706887,4.2855453,-0.21003112,-0.53851,0.4933289,106.0,0
16:17:43:551,6.4462643,0.7465607,4.0510488,-0.21003112,-0.53851,0.4933289,106.0,0
16:17:43:569,6.4462643,0.7465607,4.0510488,-0.20392556,-1.3139156,0.96712005,106.0,0
16:17:43:623,6.4462643,0.7465607,4.0510488,-0.5580478,-0.5324045,0.49577114,106.0,0
16:17:43:635,12.57189,0.75613195,5.278567,-0.5580478,-0.5324045,0.49577114,106.0,0
16:17:43:646,12.57189,0.75613195,5.278567,-0.6520734,-0.5226356,0.5372889,106.0,0
16:17:43:697,12.57189,0.75613195,5.278567,-0.5678167,-0.38465002,-0.16485001,106.0,0
16:17:43:730,12.071791,-0.23928227,5.6350975,-0.5678167,-0.38465002,-0.16485001,106.0,0
16:17:43:740,11.542976,-1.6677973,4.0773697,-0.5678167,-0.38465002,-0.16485001,106.0,0
16:17:43:772,11.542976,-1.6677973,4.0773697,-0.13920668,-0.24300112,-0.41151446,106.0,0
16:17:43:822,10.425529,-1.847259,3.8237305,-0.13920668,-0.24300112,-0.41151446,106.0,0
16:17:43:830,8.396415,-1.3447664,3.548556,-0.13920668,-0.24300112,-0.41151446,106.0,0
16:17:43:840,8.396415,-1.3447664,3.548556,0.081814446,-0.18072446,-0.07937223,106.0,0
16:17:43:897,8.396415,-1.3447664,3.548556,0.66428447,0.37610224,-0.24422224,106.0,0
16:17:43:920,8.425129,-1.1485549,3.129812,0.66428447,0.37610224,-0.24422224,106.0,0
16:17:43:928,8.425129,-1.1485549,3.129812,0.69237006,0.51653004,-0.34435335,106.0,0
16:17:43:971,8.425129,-1.1485549,3.129812,0.3944189,0.6117767,-0.4713489,106.0,0
16:17:44:014,7.7503524,0.7752745,2.928815,0.3944189,0.6117767,-0.4713489,106.0,0
16:17:44:023,8.020741,0.9284152,3.426522,0.3944189,0.6117767,-0.4713489,106.0,0
16:17:44:049,8.020741,0.9284152,3.426522,0.21491556,0.83768225,-0.10135223,106.0,0
16:17:44:108,8.271988,0.9451649,3.9433718,0.21491556,0.83768225,-0.10135223,106.0,0
16:17:44:115,8.458628,0.9020941,4.843073,0.21491556,0.83768225,-0.10135223,106.0,0
16:17:44:134,8.458628,0.9020941,4.843073,0.40174556,0.3809867,-0.36877558,106.0,0
